longitude,latitude,housing_median_age,total_rooms,total_bedrooms,population,households,median_income,median_house_value,ocean_proximity
-122.32,37.92,22,1119,220,565,199,3.3594,186900,NEAR BAY
-122.04,37.96,16,2913,723,1705,693,2.9097,106300,NEAR BAY
-122.05,37.96,35,2190,384,1154,401,3.8456,159800,NEAR BAY
-122.16,39.74,20,707,126,337,125,3.0469,85000,INLAND
-119.85,36.75,24,1143,245,608,240,2.8194,81100,INLAND
-122.16,37.76,45,2299,514,1437,484,2.5122,95500,NEAR BAY
-122.2,37.77,39,2689,597,1888,537,2.2562,94800,NEAR BAY
-121.91,37.68,18,3631,547,1700,520,5.817,257300,<1H OCEAN
-122.25,37.87,52,609,236,1349,250,1.1696,500001,NEAR BAY
-122.23,37.8,52,1252,299,844,280,2.3929,111900,NEAR BAY
-119.74,36.77,30,2427,482,1375,518,2.5737,76900,INLAND
-122.18,37.74,35,504,126,323,109,1.8438,90500,NEAR BAY
-122.03,37.62,32,2964,547,1472,527,4.2468,221200,NEAR BAY
-119.69,36.8,31,2576,458,1306,418,3.2813,68700,INLAND
-122.25,38.0,16,2978,411,1531,400,6.5006,237700,NEAR BAY
-121.87,37.99,15,2203,312,1051,311,4.9783,163900,INLAND
-122.21,37.83,40,4991,674,1616,654,7.5544,411500,NEAR BAY
-119.54,36.7,20,1815,375,1665,357,2.2448,58900,INLAND
-121.94,37.73,22,1980,291,861,290,6.2726,258200,<1H OCEAN
-120.25,36.65,31,1177,221,744,223,2.4937,66000,INLAND
-122.03,37.54,35,1867,343,1213,338,4.8214,186000,NEAR BAY
-120.38,36.76,25,991,272,941,262,1.8125,58000,INLAND
-122.26,37.85,50,1120,283,697,264,2.125,140000,NEAR BAY
-122.01,37.91,21,10093,1269,3645,1219,7.6877,367700,NEAR BAY
-121.61,37.77,32,404,74,144,58,4.2083,125000,INLAND
-119.82,36.78,36,1582,313,761,318,2.6055,69200,INLAND
-121.88,37.64,20,1309,184,514,172,10.9506,475800,INLAND
-119.85,36.8,14,1876,324,1031,311,3.6563,88800,INLAND
-122.0,37.55,27,6103,1249,3026,1134,4.1591,332400,<1H OCEAN
-122.34,37.93,45,2225,486,1304,459,2.64,112100,NEAR BAY
-122.07,37.59,15,3475,686,2568,653,4.6211,151400,NEAR BAY
-122.23,38.06,52,1350,266,490,257,3.125,171100,NEAR BAY
-122.11,37.99,16,3913,710,1782,676,5.1297,206700,NEAR BAY
-122.27,37.85,52,1974,426,875,363,1.5817,153600,NEAR BAY
-120.91,38.73,11,5460,859,2645,838,4.835,230600,INLAND
-122.2,37.78,45,1766,332,869,327,4.5893,163500,NEAR BAY
-120.62,38.71,10,6305,1150,2597,921,4.0197,132200,INLAND
-119.97,38.94,26,1485,334,406,180,1.9667,84600,INLAND
-122.23,37.82,52,3051,381,1005,369,8.1872,466100,NEAR BAY
-121.73,37.68,17,20354,3493,8768,3293,5.4496,238900,INLAND
-119.94,38.95,25,1789,536,1134,396,2.32,91300,INLAND
-122.1,37.67,34,3659,897,2479,903,2.9564,150500,NEAR BAY
-122.21,37.76,52,1420,314,1085,300,1.7546,80600,NEAR BAY
-121.77,38.01,13,2983,534,1417,510,3.9861,168100,INLAND
-122.28,37.77,52,1468,363,870,347,2.9688,220800,NEAR BAY
-122.18,37.78,33,142,31,575,47,3.875,225000,NEAR BAY
-122.1,37.65,25,2538,494,1185,501,4.5417,194400,NEAR BAY
-122.26,37.77,52,1210,168,411,172,3.3571,405400,NEAR BAY
-122.16,37.74,44,1097,239,609,215,2.0227,103100,NEAR BAY
-122.18,37.76,52,754,175,447,165,3.9063,93800,NEAR BAY
-122.0,37.58,6,4405,717,2071,688,5.8151,295600,<1H OCEAN
-122.26,37.82,37,3633,1085,1838,980,2.6104,193100,NEAR BAY
-121.69,39.36,34,842,186,635,165,1.8355,63000,INLAND
-121.52,39.43,15,2119,389,1079,374,2.3566,80400,INLAND
-121.57,39.5,31,2023,469,1073,436,1.5714,56100,INLAND
-122.07,37.64,25,4524,860,2426,862,4.7083,190900,NEAR BAY
-122.07,37.71,40,1808,302,746,270,5.3015,254900,NEAR BAY
-119.8,36.8,43,1951,288,725,308,6.3359,169300,INLAND
-120.79,38.83,15,1374,291,709,239,1.7222,118500,INLAND
-121.97,38.03,17,3685,685,1939,649,3.7043,139800,INLAND
-121.81,39.7,21,5051,1054,2948,980,1.5863,81300,INLAND
-122.14,37.71,18,3905,1007,2197,1044,3.6932,166800,NEAR BAY
-119.81,36.6,24,2246,462,1291,394,2.4006,76400,INLAND
-122.25,37.81,52,2155,701,895,613,2.5795,350000,NEAR BAY
-121.87,37.66,27,1569,242,583,214,5.7519,278500,INLAND
-121.66,39.66,17,3502,655,1763,613,2.9625,101200,INLAND
-121.81,37.99,18,2807,445,1315,437,4.8194,170400,INLAND
-120.56,38.48,14,3545,702,946,411,3.4609,120900,INLAND
-122.25,37.84,52,3549,707,1551,714,3.6912,261100,NEAR BAY
-122.17,37.76,41,1594,367,1074,355,1.9356,90600,NEAR BAY
-121.98,37.53,26,3179,703,2142,639,4.1947,222700,<1H OCEAN
-122.22,37.79,46,2366,575,1647,527,2.6042,124700,NEAR BAY
-120.56,38.39,20,1326,307,563,237,2.6667,86600,INLAND
-122.08,37.87,26,2405,564,680,531,2.4896,73400,NEAR BAY
-122.15,37.67,35,2472,398,1171,390,5.5797,198100,NEAR BAY
-122.29,37.83,52,1121,211,554,187,3.3929,75700,NEAR BAY
-121.82,39.72,42,2978,694,1879,679,1.5064,66300,INLAND
-122.18,37.68,5,2087,407,840,401,5.4858,187800,NEAR BAY
-119.83,36.72,28,60,10,46,13,4.35,67500,INLAND
-122.12,38.01,50,1300,263,691,239,3.9519,126500,NEAR BAY
-122.29,37.92,36,1450,235,568,234,6.0,311400,NEAR BAY
-121.54,39.6,15,886,204,576,205,2.1467,84100,INLAND
-122.2,37.9,36,2107,287,740,280,10.3416,500001,NEAR BAY
-122.01,37.53,19,4572,712,2346,709,6.0667,245700,NEAR BAY
-122.07,37.57,8,8647,1407,5019,1379,6.5615,318300,NEAR BAY
-122.28,37.91,48,2083,298,685,286,7.3089,331200,NEAR BAY
-122.05,37.68,32,2015,318,1019,340,6.1104,240700,NEAR BAY
-122.08,37.61,6,2605,474,1568,433,5.0406,261400,NEAR BAY
-119.85,36.8,14,4177,914,2300,867,2.9565,73000,INLAND
-122.19,37.78,52,2492,415,1109,375,4.3125,164400,NEAR BAY
-122.16,37.74,43,1534,300,826,295,4.0417,109400,NEAR BAY
-122.37,37.95,35,215,45,100,34,1.6023,81300,NEAR BAY
-121.89,37.99,4,2171,597,928,461,4.1016,170500,INLAND
-122.27,37.81,10,875,348,546,330,0.76,162500,NEAR BAY
-121.82,38.01,50,1120,281,625,239,1.5988,96400,INLAND
-122.3,37.81,52,1010,209,604,187,1.1667,78400,NEAR BAY
-122.28,37.87,46,1777,446,805,431,2.8676,212000,NEAR BAY
-122.22,37.81,52,2944,536,1034,521,5.3509,302100,NEAR BAY
-122.01,37.59,2,838,295,240,149,2.875,237500,NEAR BAY
-122.26,37.83,52,1665,419,946,395,2.0978,155400,NEAR BAY
-119.98,38.94,25,1339,328,503,219,1.9018,109700,INLAND
-122.24,37.75,27,4051,753,1499,797,4.8711,286600,NEAR BAY
-121.97,37.57,21,4342,783,2172,789,4.6146,247600,<1H OCEAN
-120.67,36.72,18,819,198,996,198,2.5,112500,INLAND
-121.97,37.64,32,1283,194,485,171,6.0574,431000,<1H OCEAN
-122.28,37.86,52,2031,450,958,445,1.9327,169900,NEAR BAY
-119.74,36.76,42,2093,470,1621,438,1.7994,58700,INLAND
-119.72,36.8,16,2396,526,1338,518,2.1653,78800,INLAND
-119.77,36.44,26,1727,289,802,259,3.2083,75000,INLAND
-122.36,37.96,30,950,317,1073,280,1.8664,107800,NEAR BAY
-119.32,37.06,15,3111,651,276,107,5.1314,179200,INLAND
-122.27,37.8,39,1715,623,1327,467,1.8477,179200,NEAR BAY
-119.57,37.02,16,4199,794,2140,722,3.332,111800,INLAND
-121.92,38.02,8,2750,479,1526,484,5.102,156500,INLAND
-122.25,37.77,52,2650,566,1468,567,3.0161,215700,NEAR BAY
-122.14,37.84,24,2131,343,874,373,5.6349,355600,NEAR BAY
-122.25,37.86,48,2153,517,1656,459,3.0417,489600,NEAR BAY
-121.83,38.0,15,6365,1646,3838,1458,2.5495,103600,INLAND
-122.01,37.56,6,3028,778,1531,736,4.4259,158000,NEAR BAY
-122.17,37.74,43,818,193,494,179,2.4776,101600,NEAR BAY
-121.72,38.0,7,7957,1314,4460,1293,4.9618,156500,INLAND
-119.6,36.57,42,2311,439,1347,436,2.5556,69700,INLAND
-122.06,37.96,37,1784,313,788,304,4.2917,189600,NEAR BAY
-122.27,37.78,52,1408,280,718,265,2.6806,207900,NEAR BAY
-121.78,37.97,4,17032,2546,7653,2359,5.5601,213700,INLAND
-121.99,39.15,17,6440,1204,3266,1142,2.7137,72000,INLAND
-122.28,37.87,46,3022,696,1293,675,2.543,220700,NEAR BAY
-120.22,36.49,14,1508,347,1679,345,2.4786,56000,INLAND
-122.19,37.74,36,847,212,567,159,1.1765,87100,NEAR BAY
-122.28,37.85,52,1898,421,1102,397,1.808,105500,NEAR BAY
-122.05,37.95,22,5175,1213,2804,1091,2.85,144600,NEAR BAY
-121.83,39.73,52,1741,401,753,377,2.0064,77900,INLAND
-122.13,38.02,52,2378,508,940,451,2.9583,166000,NEAR BAY
-119.67,36.83,4,2145,334,1024,308,5.0864,113700,INLAND
-119.81,36.76,48,2059,388,834,405,2.9306,67900,INLAND
-121.91,37.71,25,4377,668,2038,671,5.7233,231800,<1H OCEAN
-121.78,37.66,25,1947,418,900,354,3.8523,193000,INLAND
-122.21,37.83,34,5065,788,1627,766,6.8976,333300,NEAR BAY
-122.16,37.72,10,2229,601,877,485,3.3431,137500,NEAR BAY
-122.13,37.7,19,3516,710,1810,703,3.9032,218000,NEAR BAY
-122.09,37.63,35,1213,221,790,243,4.7019,174100,NEAR BAY
-122.13,37.72,25,1134,153,340,171,6.5095,371200,NEAR BAY
-122.1,37.66,37,901,191,599,206,3.7303,149700,NEAR BAY
-121.55,39.5,26,3215,827,2041,737,1.0585,45100,INLAND
-122.03,37.98,16,1209,477,627,482,1.3894,156300,NEAR BAY
-122.3,37.98,25,3807,806,1821,792,3.6518,164300,NEAR BAY
-121.63,38.04,25,2019,411,888,326,3.2619,183800,INLAND
-121.7,37.93,19,2005,405,972,403,2.2216,156700,INLAND
-122.23,37.76,52,3037,516,1242,518,5.2128,289900,NEAR BAY
-119.71,36.74,18,8099,1670,4476,1514,2.4728,88300,INLAND
-122.03,37.62,35,2072,352,1001,350,4.7109,198700,NEAR BAY
-119.57,36.7,7,1761,309,974,308,3.7261,83900,INLAND
-119.81,36.83,19,6789,1200,2325,1109,4.049,126000,INLAND
-122.24,37.8,52,996,228,731,228,2.2697,127000,NEAR BAY
-122.14,37.72,39,786,132,288,132,3.5156,218900,NEAR BAY
-122.04,37.97,10,974,316,631,286,2.3152,140600,NEAR BAY
-122.28,37.81,52,773,143,377,115,2.4083,98200,NEAR BAY
-119.78,36.8,34,3426,623,1938,647,2.8994,66000,INLAND
-121.97,39.79,16,1453,299,904,286,3.5735,89600,INLAND
-122.16,37.68,16,1687,348,568,352,2.3869,83300,NEAR BAY
-120.72,38.24,32,2685,543,1061,492,2.5473,101600,INLAND
-122.11,37.69,42,1472,310,768,309,3.4643,160900,NEAR BAY
-122.04,37.58,14,14917,2708,8012,2606,5.6277,269800,NEAR BAY
-119.77,36.74,20,1855,519,1091,443,1.5547,93900,INLAND
-122.09,37.68,41,1834,463,1105,467,2.8322,170300,NEAR BAY
-119.8,36.82,24,5377,1005,2010,982,3.4542,121200,INLAND
-121.92,37.64,46,1280,209,512,208,5.1406,315600,INLAND
-121.84,39.73,52,502,100,311,100,1.5481,200000,INLAND
-122.03,37.98,44,1254,252,498,217,3.4531,148900,NEAR BAY
-122.08,37.7,25,3402,758,1645,710,3.4934,209900,NEAR BAY
-124.16,41.92,19,1668,324,841,283,2.1336,75000,NEAR OCEAN
-122.34,37.99,42,1531,326,1271,377,2.6167,85100,NEAR BAY
-121.85,39.75,39,568,127,267,129,1.8095,78100,INLAND
-122.22,37.85,28,5287,1048,2031,956,5.457,337300,NEAR BAY
-122.28,37.85,52,2246,472,1005,449,2.4167,152700,NEAR BAY
-120.69,38.44,13,1473,265,597,228,4.2917,121300,INLAND
-119.78,36.86,10,2902,363,1200,363,8.3608,187300,INLAND
-119.96,38.94,27,1492,393,717,254,1.8906,104200,INLAND
-121.81,38.01,52,1124,245,528,226,2.2639,128500,INLAND
-120.6,38.76,22,1236,273,615,248,3.0217,106900,INLAND
-119.76,36.82,17,6932,1486,3056,1453,2.3375,99300,INLAND
-121.91,39.03,48,1096,218,657,199,2.7841,65800,INLAND
-122.36,37.93,42,1796,389,1107,372,1.9375,87000,NEAR BAY
-122.35,37.96,34,1428,335,1272,319,2.5461,93900,NEAR BAY
-122.27,37.77,52,1731,377,872,363,4.1667,225800,NEAR BAY
-120.01,38.92,25,1758,357,689,278,2.675,104200,INLAND
-121.7,37.93,10,3258,612,1779,558,4.6587,152500,INLAND
-119.69,36.86,20,1676,263,786,240,4.0,164600,INLAND
-122.2,39.75,18,2603,576,1616,588,2.0192,63700,INLAND
-122.22,37.79,38,3049,711,2167,659,2.7969,141700,NEAR BAY
-122.18,37.88,36,542,119,231,121,4.9,354200,NEAR BAY
-119.8,36.86,7,6434,1201,2733,1045,3.7656,145000,INLAND
-121.89,39.71,26,2741,451,1217,437,3.7007,139200,INLAND
-122.16,37.71,37,1507,242,632,253,4.5553,191000,NEAR BAY
-122.26,37.98,28,2038,329,947,349,5.1178,198000,NEAR BAY
-122.07,37.67,27,3239,671,1469,616,3.2465,230600,NEAR BAY
-121.8,39.75,28,2551,378,1011,374,4.3309,125200,INLAND
-122.28,37.86,49,2932,668,1361,608,1.9798,147400,NEAR BAY
-122.27,37.88,52,1693,391,669,367,3.5417,287500,NEAR BAY
-121.79,37.99,10,4156,609,1878,586,5.6506,178600,INLAND
-119.44,36.6,5,2353,608,2505,573,2.2863,69200,INLAND
-119.75,36.78,35,1129,220,474,242,2.4405,74300,INLAND
-121.86,39.78,12,7653,1578,3628,1494,3.0905,117800,INLAND
-119.4,37.09,22,2211,477,773,288,3.3269,102700,INLAND
-122.04,37.62,35,1032,173,453,176,6.396,208500,NEAR BAY
-121.6,37.91,13,2479,394,1075,350,5.1017,241400,INLAND
-122.1,37.68,37,1352,342,691,324,3.4032,196900,NEAR BAY
-122.1,37.66,33,1954,464,1293,448,3.0489,152600,NEAR BAY
-122.03,38.01,27,3228,562,1666,588,4.5707,175900,NEAR BAY
-121.79,39.48,39,1105,180,408,166,3.3929,82100,INLAND
-121.85,39.73,17,3425,827,2469,758,0.9393,88900,INLAND
-122.24,37.76,52,2567,436,1119,415,4.6094,229300,NEAR BAY
-120.58,38.77,21,1661,406,789,319,2.3583,108700,INLAND
-122.28,37.85,52,610,145,281,132,2.9018,119400,NEAR BAY
-121.86,39.76,19,7254,1785,4030,1667,2.0094,87300,INLAND
-122.32,37.95,35,1612,354,887,331,2.5769,146100,NEAR BAY
-122.22,37.78,44,1678,514,1700,495,2.0801,131900,NEAR BAY
-122.29,37.82,49,135,29,86,23,6.1183,75000,NEAR BAY
-120.08,36.79,38,1446,285,928,255,2.9808,89600,INLAND
-121.7,39.36,37,2330,495,1505,470,2.0474,56000,INLAND
-121.89,37.66,3,1565,464,769,461,2.1187,231300,INLAND
-120.98,38.67,13,3432,516,1286,470,5.584,186600,INLAND
-119.55,36.6,18,2379,448,1638,436,2.309,57100,INLAND
-122.14,38.01,50,1760,341,741,316,4.5,178300,NEAR BAY
-119.69,36.43,29,1799,356,1278,387,1.7813,57900,INLAND
-122.06,37.96,10,7136,1691,2959,1507,3.9816,182000,NEAR BAY
-122.16,37.79,22,12842,2048,4985,1967,5.9849,371000,NEAR BAY
-120.1,38.91,33,1561,282,30,11,1.875,500001,INLAND
-119.79,36.72,19,1719,391,1369,368,1.25,53000,INLAND
-121.98,37.82,18,9117,1248,3280,1167,8.003,351300,<1H OCEAN
-122.05,37.95,20,563,107,246,123,5.4482,190800,NEAR BAY
-119.5,36.62,34,1440,267,1018,265,2.2206,63400,INLAND
-119.77,36.76,43,1945,413,1492,422,1.5174,54600,INLAND
-119.71,36.79,34,1891,323,966,355,3.6681,82000,INLAND
-119.82,36.76,46,2194,563,924,542,1.4028,68500,INLAND
-121.98,37.8,16,2498,330,1027,343,8.155,343700,<1H OCEAN
-122.34,37.94,31,1611,455,786,411,1.681,145500,NEAR BAY
-121.86,37.66,22,3634,664,1699,640,4.1597,293200,INLAND
-119.76,36.83,17,3690,628,1888,601,4.0196,84200,INLAND
-122.16,37.72,38,1007,245,618,239,2.875,144800,NEAR BAY
-122.03,37.97,45,1613,338,865,336,3.25,151100,NEAR BAY
-119.83,36.77,32,2867,615,1705,570,2.4286,68100,INLAND
-119.69,36.82,15,3303,512,1687,505,4.81,93600,INLAND
-120.88,38.91,15,3876,778,1960,691,2.902,127300,INLAND
-122.29,37.89,52,979,175,374,153,5.1675,270600,NEAR BAY
-122.24,37.82,52,1509,225,674,244,4.9306,313400,NEAR BAY
-119.58,36.83,13,6135,863,2473,774,5.4895,156700,INLAND
-122.1,37.96,25,1374,206,569,235,6.3699,235500,NEAR BAY
-122.14,37.75,33,1334,200,579,202,6.8323,255900,NEAR BAY
-122.2,38.04,31,3029,500,1236,487,5.6022,197000,NEAR BAY
-122.18,37.77,27,909,236,396,157,2.0786,97500,NEAR BAY
-121.53,39.53,35,1806,293,683,295,4.5156,91200,INLAND
-120.81,38.67,14,8396,1578,3952,1474,3.0565,118800,INLAND
-121.79,37.67,26,2163,339,947,346,6.0797,211000,INLAND
-122.25,37.81,29,4656,1414,2304,1250,2.4912,257800,NEAR BAY
-122.04,37.96,27,2587,729,1500,623,1.837,175000,NEAR BAY
-122.15,37.7,36,1468,252,733,229,3.4583,192600,NEAR BAY
-122.29,37.87,44,2539,755,1382,713,2.537,175000,NEAR BAY
-119.8,36.68,31,2214,432,1326,416,2.1691,66700,INLAND
-121.65,38.03,28,3144,694,1095,482,3.4402,192400,INLAND
-122.13,37.7,21,4124,1054,2162,998,2.6321,223100,NEAR BAY
-122.26,37.88,52,2363,604,1558,573,2.944,338900,NEAR BAY
-120.76,38.6,14,2925,625,1226,437,2.5865,133800,INLAND
-121.82,38.0,29,2070,452,985,420,2.8466,113400,INLAND
-119.81,36.8,38,2252,325,777,314,6.1575,160100,INLAND
-122.3,37.88,45,453,146,749,137,1.475,187500,NEAR BAY
-119.84,36.54,19,1310,241,702,217,2.4375,78200,INLAND
-121.97,37.53,26,2506,387,1273,406,5.4299,236400,<1H OCEAN
-120.0,38.93,17,8005,1382,999,383,3.9722,313400,INLAND
-122.22,37.81,52,1971,335,765,308,6.5217,273700,NEAR BAY
-122.17,37.74,47,463,134,327,137,2.15,97200,NEAR BAY
-122.06,37.68,30,5367,1207,2667,1047,3.1796,170300,NEAR BAY
-122.27,37.82,43,1007,312,558,253,1.7348,137500,NEAR BAY
-122.29,37.89,52,2269,380,1004,371,5.1696,261400,NEAR BAY
-119.97,38.93,24,856,185,388,108,3.1806,107200,INLAND
-119.45,36.6,36,2294,489,1430,454,1.8975,60900,INLAND
-119.83,36.73,21,1702,358,1347,316,2.4137,62100,INLAND
-122.03,37.87,21,3521,447,1396,467,8.2673,358700,NEAR BAY
-122.19,37.76,45,995,238,630,237,1.925,74100,NEAR BAY
-120.0,36.7,33,1902,370,1168,358,2.6852,70800,INLAND
-122.18,37.77,51,2107,471,1173,438,3.2552,120100,NEAR BAY
-119.8,36.73,45,925,231,797,228,1.7011,44800,INLAND
-120.67,38.19,17,2967,611,1387,564,2.0417,92600,INLAND
-120.69,36.84,18,902,195,771,174,2.2083,55000,INLAND
-122.22,37.78,50,1776,473,1807,440,1.7276,102300,NEAR BAY
-122.07,37.94,36,2639,488,1111,476,3.5057,205100,NEAR BAY
-121.53,39.49,19,1537,329,617,274,1.5313,50300,INLAND
-122.03,37.61,33,1518,302,831,268,5.097,188600,NEAR BAY
-122.33,37.91,36,1954,513,1437,440,1.125,93800,NEAR BAY
-122.13,37.75,36,768,93,229,93,5.3602,330000,NEAR BAY
-120.02,38.91,22,2138,493,829,330,2.2056,107200,INLAND
-122.22,37.78,44,2968,710,2269,610,2.3906,111700,NEAR BAY
-119.8,36.75,52,1788,449,1156,418,1.7298,58400,INLAND
-120.21,36.77,20,1745,348,1093,302,2.3194,90600,INLAND
-122.08,37.61,26,2261,443,1039,395,3.7931,203900,NEAR BAY
-119.79,36.75,33,3161,934,3530,846,1.123,46700,INLAND
-122.19,37.83,28,1326,184,463,190,8.2049,335200,NEAR BAY
-121.95,37.74,19,5721,837,2653,813,6.2631,266000,<1H OCEAN
-121.88,38.0,22,721,117,367,129,5.3098,151900,INLAND
-119.59,36.57,19,1733,303,911,281,3.5987,131700,INLAND
-122.31,37.91,43,2549,511,1060,528,3.6417,178400,NEAR BAY
-122.32,37.96,34,2070,357,784,294,4.0417,182800,NEAR BAY
-122.15,37.68,30,2261,443,929,383,4.2841,213400,NEAR BAY
-119.99,38.94,22,3119,640,786,351,3.0806,118500,INLAND
-122.07,37.71,36,2879,480,1235,455,4.9801,241500,NEAR BAY
-122.12,37.71,38,1164,284,632,289,3.0345,152100,NEAR BAY
-122.07,37.58,16,1606,240,1117,268,6.0661,247000,NEAR BAY
-122.21,37.79,45,2115,533,1530,474,2.4167,139400,NEAR BAY
-121.96,37.71,6,8072,1050,3386,1062,7.2494,336500,<1H OCEAN
-122.19,37.78,49,1183,205,496,209,5.2328,174200,NEAR BAY
-120.45,36.86,34,673,173,539,182,2.3523,66000,INLAND
-121.7,37.98,9,3079,519,1562,512,5.1041,172900,INLAND
-120.01,38.93,22,3080,610,1045,425,2.996,126100,INLAND
-122.08,37.88,24,2059,462,410,294,2.3971,99400,NEAR BAY
-122.32,37.94,38,2751,522,1390,489,3.7277,165100,NEAR BAY
-121.83,39.74,34,3263,604,1290,594,2.575,130300,INLAND
-119.85,36.74,35,1191,190,537,182,3.5375,96700,INLAND
-122.29,37.81,46,2801,644,1823,611,0.9802,129200,NEAR BAY
-120.03,38.89,15,3042,588,918,336,3.8333,118800,INLAND
-122.33,37.93,27,2158,424,1220,442,3.0156,111500,NEAR BAY
-122.06,37.7,33,3906,790,1912,770,3.5187,209400,NEAR BAY
-119.98,38.93,28,1194,272,494,203,2.3281,85800,INLAND
-122.25,37.8,42,4120,1065,1715,1015,2.9345,225000,NEAR BAY
-122.07,37.92,26,3872,739,1629,684,4.4312,225000,NEAR BAY
-120.59,38.45,13,2944,558,1091,466,3.0,119000,INLAND
-119.83,36.82,14,1087,165,365,176,7.2909,155600,INLAND
-121.96,37.85,10,3209,379,1199,392,12.2478,500001,INLAND
-121.55,39.51,39,1551,353,684,310,2.0357,57600,INLAND
-121.86,37.7,13,9621,1344,4389,1391,6.6827,313700,INLAND
-119.6,36.57,33,1923,403,1205,389,1.8333,68300,INLAND
-122.05,37.63,5,3785,936,2240,792,3.2829,162500,NEAR BAY
-119.45,36.59,41,1749,342,1171,314,1.6875,66100,INLAND
-119.71,36.83,15,2727,500,1228,436,3.5078,109000,INLAND
-120.01,38.91,27,968,191,283,143,2.0938,94400,INLAND
-122.27,37.83,51,2665,574,1258,536,2.7303,109700,NEAR BAY
-122.28,37.84,50,2082,492,1131,473,1.6424,108900,NEAR BAY
-119.74,36.72,25,3972,842,2863,729,2.1304,58500,INLAND
-119.65,36.62,6,1931,422,1344,414,1.6607,58000,INLAND
-121.99,37.56,18,5505,1005,2641,971,5.0,269700,<1H OCEAN
-122.27,38.0,12,1592,242,969,233,6.1576,248700,NEAR BAY
-122.1,37.68,38,1779,413,1061,400,3.0962,180900,NEAR BAY
-122.17,37.77,31,2424,533,1360,452,1.871,90700,NEAR BAY
-122.33,37.94,47,1882,361,797,342,3.5848,140800,NEAR BAY
-121.96,37.76,8,3865,463,1548,432,9.7037,425100,<1H OCEAN
-122.23,37.78,52,862,215,994,213,3.0257,80800,NEAR BAY
-119.87,36.54,34,1370,287,818,269,2.4044,72500,INLAND
-121.93,37.76,5,2255,269,876,258,10.3345,461400,<1H OCEAN
-121.79,38.01,17,4032,814,1749,618,3.1728,146800,INLAND
-122.18,37.71,45,726,147,519,135,3.375,157500,NEAR BAY
-122.03,37.59,16,4371,889,2530,817,4.6786,256000,NEAR BAY
-121.77,37.67,20,8068,1217,3489,1259,5.7907,264200,INLAND
-122.25,37.85,52,1627,280,565,259,3.8462,342200,NEAR BAY
-119.68,36.83,11,2455,344,1110,339,6.1133,120000,INLAND
-119.78,36.86,8,3468,675,1604,626,4.2071,128300,INLAND
-122.09,37.71,35,2663,387,1086,367,5.1498,266400,NEAR BAY
-122.21,37.79,34,2364,557,1517,516,2.8365,139200,NEAR BAY
-122.13,37.73,33,1996,268,686,270,6.9096,341800,NEAR BAY
-122.28,37.8,52,96,31,191,34,0.75,162500,NEAR BAY
-121.97,37.79,17,5688,824,2111,773,6.6131,312500,<1H OCEAN
-122.24,37.77,43,955,284,585,266,2.3882,162500,NEAR BAY
-122.15,37.75,40,1445,256,849,255,3.8913,126300,NEAR BAY
-121.71,39.71,17,2748,556,1174,514,3.066,102600,INLAND
-122.19,37.75,36,1126,263,482,150,1.9167,82800,NEAR BAY
-122.09,37.99,19,3073,506,1773,493,5.4496,205400,NEAR BAY
-119.87,36.81,6,1891,341,969,330,4.6726,107800,INLAND
-119.76,36.79,32,2463,468,1261,486,3.3281,75100,INLAND
-122.32,37.97,33,1595,292,991,300,4.6937,134100,NEAR BAY
-119.77,36.74,50,1325,280,811,281,1.8667,62800,INLAND
-121.99,37.97,30,3320,589,1470,543,4.6071,184100,INLAND
-122.36,37.94,26,1540,343,1007,338,1.3365,72900,NEAR BAY
-122.13,37.74,41,4400,666,1476,648,5.0,248900,NEAR BAY
-122.36,37.93,44,1891,449,1047,432,1.7727,86100,NEAR BAY
-120.81,38.73,38,2005,385,882,353,2.5104,120500,INLAND
-122.03,37.86,29,3025,477,1035,452,6.112,390600,NEAR BAY
-121.89,39.76,15,10265,1860,4591,1906,3.07,142600,INLAND
-122.13,37.71,44,1613,339,776,346,3.1103,188900,NEAR BAY
-122.08,37.68,26,1167,370,253,137,2.4196,275000,NEAR BAY
-121.7,39.37,32,1852,373,911,365,1.7885,57000,INLAND
-121.6,39.79,18,2672,533,1151,532,2.567,102900,INLAND
-122.27,37.9,52,1803,240,572,236,6.174,358800,NEAR BAY
-122.01,37.99,28,1900,401,918,351,3.7841,144900,NEAR BAY
-122.2,37.8,41,2070,354,804,340,5.1184,239600,NEAR BAY
-122.24,37.79,43,1626,376,1284,357,2.2542,112200,NEAR BAY
-119.81,36.83,10,5780,922,2712,883,5.6445,135500,INLAND
-122.17,37.71,38,890,200,481,198,3.244,179800,NEAR BAY
-119.74,36.85,3,10425,2121,4432,1778,3.9032,140800,INLAND
-121.99,37.58,31,2878,478,1276,485,6.2073,282500,<1H OCEAN
-122.29,37.88,48,2365,490,1034,475,3.1065,229200,NEAR BAY
-122.24,37.85,52,3726,474,1366,496,9.3959,500001,NEAR BAY
-119.89,36.76,17,1987,335,1152,313,4.1719,126400,INLAND
-122.25,37.8,29,2468,864,1335,773,1.3929,193800,NEAR BAY
-122.02,37.95,25,1205,260,608,272,2.4519,208300,NEAR BAY
-121.96,37.96,28,1838,273,899,270,5.2145,229200,INLAND
-122.19,37.76,38,1493,370,1144,351,0.7683,81800,NEAR BAY
-122.16,37.73,49,1699,408,768,385,2.8301,171600,NEAR BAY
-122.03,37.97,20,3968,931,2629,903,2.9915,166700,NEAR BAY
-119.54,36.51,36,49,7,28,2,4.625,162500,INLAND
-119.61,36.56,34,1911,497,1886,481,1.625,53000,INLAND
-122.05,37.94,22,2105,354,993,365,4.6602,227800,NEAR BAY
-122.03,37.94,21,5541,776,2214,737,5.5777,279300,NEAR BAY
-122.13,37.69,17,2380,769,1216,643,3.395,271300,NEAR BAY
-120.0,38.87,12,1437,268,395,144,4.225,127600,INLAND
-121.88,37.99,16,3787,515,1606,507,5.5676,174200,INLAND
-122.22,37.81,52,2927,402,1021,380,8.1564,390100,NEAR BAY
-119.8,36.72,19,1334,336,1171,319,1.0481,48500,INLAND
-122.34,37.95,44,1675,317,806,311,3.0694,135300,NEAR BAY
-122.09,37.89,35,880,139,352,132,6.8686,406500,NEAR BAY
-120.54,38.41,21,1435,294,668,267,2.5667,77400,INLAND
-121.96,37.54,14,5106,1207,2738,1108,3.9909,236000,<1H OCEAN
-121.46,39.4,17,3659,735,1970,667,2.425,96200,INLAND
-119.86,36.78,7,2232,490,1274,499,2.9853,74700,INLAND
-119.81,36.74,36,607,155,483,146,1.5625,47500,INLAND
-119.73,36.68,32,755,205,681,207,1.7986,49300,INLAND
-121.97,37.79,16,3873,484,1451,501,6.7857,341300,<1H OCEAN
-122.18,37.79,41,1411,233,626,214,7.0875,240700,NEAR BAY
-122.3,37.93,34,2254,357,715,306,4.5,304000,NEAR BAY
-121.88,37.68,23,2234,270,854,286,7.333,337200,INLAND
-122.06,37.7,37,1893,310,821,315,4.6005,231600,NEAR BAY
-122.2,37.88,36,1065,160,398,155,7.7736,378100,NEAR BAY
-121.84,39.74,43,2976,599,1181,560,2.2621,85100,INLAND
-121.95,37.52,33,3994,764,2721,763,5.2308,196900,<1H OCEAN
-122.21,37.81,52,1389,212,510,224,5.2402,296400,NEAR BAY
-122.15,37.72,47,1190,251,540,266,3.375,198300,NEAR BAY
-122.26,37.83,52,2432,715,1377,696,2.5898,176000,NEAR BAY
-122.15,37.73,45,3758,819,1573,736,2.8355,245400,NEAR BAY
-122.35,37.91,4,2851,798,1285,712,4.2895,186800,NEAR BAY
-119.56,36.71,29,1963,392,1208,398,2.5741,73000,INLAND
-121.24,39.65,35,632,148,221,102,2.3684,62500,INLAND
-119.44,36.59,32,1153,236,761,241,2.825,67600,INLAND
-119.69,36.77,22,2456,496,1720,417,2.6875,60600,INLAND
-119.98,38.93,25,1262,293,534,226,2.6607,90400,INLAND
-122.04,38.0,16,3077,733,1447,709,3.2484,91100,NEAR BAY
-122.21,37.77,52,745,153,473,149,2.6765,88800,NEAR BAY
-121.84,39.72,52,1457,389,802,342,0.9566,69000,INLAND
-122.05,37.57,7,10648,1818,6075,1797,6.1047,278200,NEAR BAY
-122.25,39.79,16,2127,412,1104,369,3.0469,72200,INLAND
-119.78,36.72,22,354,121,530,115,2.1458,34400,INLAND
-121.76,37.7,9,3980,736,1705,679,5.7068,256700,INLAND
-122.06,37.6,22,3009,497,1640,514,4.625,235300,NEAR BAY
-122.08,37.63,33,691,127,431,149,4.25,192600,NEAR BAY
-119.81,36.79,35,2314,443,954,457,2.9506,73800,INLAND
-121.97,37.87,4,1029,126,416,122,13.4883,500001,INLAND
-122.19,37.82,32,1835,264,635,263,8.317,365900,NEAR BAY
-122.25,37.83,52,1279,287,534,291,3.1429,231600,NEAR BAY
-121.98,38.05,31,2810,518,1640,503,3.3661,98500,INLAND
-119.96,38.84,17,2722,512,828,289,3.5714,109700,INLAND
-119.82,36.79,35,1474,291,709,294,2.6522,65900,INLAND
-121.77,37.65,16,4290,554,1952,576,7.3588,327500,INLAND
-119.64,36.56,34,576,117,363,97,2.0658,92500,INLAND
-122.32,37.97,33,1156,190,643,209,4.5,156600,NEAR BAY
-122.32,37.94,46,1901,295,833,352,5.5196,210800,NEAR BAY
-122.31,37.94,38,1794,349,810,335,3.8343,191400,NEAR BAY
-122.27,37.89,52,2640,366,973,355,7.266,371100,NEAR BAY
-119.87,36.79,7,1932,419,1014,389,3.0938,76700,INLAND
-119.69,36.81,13,1524,366,994,370,2.5446,93800,INLAND
-122.26,37.81,29,335,107,202,91,2.0062,125000,NEAR BAY
-120.01,38.91,17,2732,609,1005,499,1.9851,86700,INLAND
-122.0,37.98,32,1013,169,436,173,5.1118,226900,INLAND
-122.08,37.68,26,2607,682,1401,607,2.6563,184100,NEAR BAY
-122.08,37.69,43,1575,324,740,284,2.8512,181000,NEAR BAY
-122.09,37.65,35,1184,200,572,194,4.7143,193800,NEAR BAY
-122.27,37.85,52,1966,347,793,331,2.775,152500,NEAR BAY
-121.84,39.76,14,2351,620,1215,548,2.3155,102300,INLAND
-119.67,36.74,19,2788,614,1365,525,2.7813,120300,INLAND
-121.82,38.01,42,1017,253,798,266,2.1719,99100,INLAND
-122.25,37.89,41,1125,195,356,181,6.1593,344000,NEAR BAY
-121.93,37.54,25,1354,192,596,220,6.629,352400,<1H OCEAN
-121.58,39.83,16,4591,904,1904,812,2.2419,93200,INLAND
-122.2,37.79,29,1640,376,939,340,2.8321,150000,NEAR BAY
-122.29,37.81,20,835,161,290,133,2.483,137500,NEAR BAY
-120.71,38.73,17,2146,396,862,351,2.9219,141300,INLAND
-122.28,37.85,41,535,123,317,119,2.4038,107500,NEAR BAY
-122.08,37.58,15,2576,418,1657,410,5.5218,254400,NEAR BAY
-121.93,38.02,13,1524,286,940,308,5.1337,154800,INLAND
-122.25,37.84,52,2535,489,1094,514,3.6591,299200,NEAR BAY
-119.75,36.78,28,3257,752,1981,712,2.293,71700,INLAND
-122.2,37.83,26,1589,223,542,211,8.401,351200,NEAR BAY
-122.08,37.97,9,2643,439,1105,467,6.6579,245200,NEAR BAY
-121.99,37.77,14,8213,1364,3283,1286,5.1755,294800,<1H OCEAN
-119.74,36.8,18,10862,2401,5466,2209,2.4678,74300,INLAND
-119.78,36.73,52,1377,319,1280,259,1.2344,43300,INLAND
-122.08,37.64,30,5267,1253,4065,1113,3.3479,182100,NEAR BAY
-122.26,38.04,41,2512,539,1179,480,2.694,123000,NEAR BAY
-119.8,36.65,34,2263,423,1184,407,1.7692,74200,INLAND
-122.27,37.97,10,15259,2275,7266,2338,6.0666,272400,NEAR BAY
-122.16,37.77,45,2324,397,968,384,3.5739,176000,NEAR BAY
-122.17,37.75,44,1218,248,763,254,2.3281,88800,NEAR BAY
-122.34,37.96,15,6487,1717,3408,1560,2.1991,133300,NEAR BAY
-122.28,37.86,52,1659,367,788,346,2.8214,164300,NEAR BAY
-121.91,37.68,20,1804,254,831,260,6.177,262900,<1H OCEAN
-122.21,37.77,43,1017,328,836,277,2.2604,100000,NEAR BAY
-119.77,36.78,36,3616,779,1994,786,2.5434,67300,INLAND
-122.24,37.79,52,674,180,647,168,3.375,116100,NEAR BAY
-119.64,36.82,14,4872,656,2085,617,5.6739,173800,INLAND
-122.33,37.95,22,2099,569,1135,509,2.1915,120800,NEAR BAY
-120.44,38.61,9,2598,548,796,297,3.5192,98000,INLAND
-122.24,37.81,52,2026,482,709,456,3.2727,268500,NEAR BAY
-119.75,36.78,33,1145,197,508,198,2.3333,81300,INLAND
-121.9,37.67,15,2130,273,876,285,7.2639,332400,<1H OCEAN
-122.35,37.92,36,921,200,585,236,1.9224,94000,NEAR BAY
-120.02,36.8,25,1270,255,1050,245,2.1618,55300,INLAND
-119.71,36.88,17,2236,315,992,312,6.9405,165200,INLAND
-121.94,37.95,18,2541,355,986,346,7.1978,288000,INLAND
-122.14,37.69,38,1571,317,874,301,4.4659,189100,NEAR BAY
-119.39,36.64,38,949,190,578,187,2.3618,80000,INLAND
-122.16,37.74,47,824,223,533,166,2.625,98200,NEAR BAY
-119.77,36.84,15,1924,262,848,277,5.3886,125300,INLAND
-122.08,37.95,33,1043,157,425,148,4.8702,235600,NEAR BAY
-121.82,39.76,23,6010,1116,2710,1149,3.0068,107300,INLAND
-122.07,37.65,31,3300,790,2181,740,3.016,161800,NEAR BAY
-121.62,37.61,26,1786,306,771,279,5.7239,430600,INLAND
-122.25,37.8,52,2087,510,1197,488,3.0149,218400,NEAR BAY
-122.03,37.95,32,1955,313,804,317,4.9485,202300,NEAR BAY
-122.1,37.69,30,3115,625,1444,568,3.7222,195800,NEAR BAY
-122.25,37.89,37,3000,457,987,450,7.5385,350000,NEAR BAY
-122.27,37.84,52,2224,437,1006,422,2.6,132600,NEAR BAY
-122.2,37.8,52,1547,293,706,268,4.7721,217100,NEAR BAY
-119.77,36.73,44,1960,393,1286,381,2.1518,53000,INLAND
-121.92,37.72,22,4638,716,2302,687,5.347,219500,<1H OCEAN
-121.83,39.76,12,9831,1921,4644,1775,3.1142,112600,INLAND
-122.15,37.69,36,1545,273,863,267,4.0109,192900,NEAR BAY
-122.04,37.57,12,5719,1064,3436,1057,5.2879,231200,NEAR BAY
-121.69,39.36,29,2220,471,1170,428,2.3224,56200,INLAND
-119.78,36.84,7,4907,1075,2014,909,3.2147,111900,INLAND
-122.28,37.81,17,1237,462,762,439,0.9241,177500,NEAR BAY
-122.01,37.54,32,2572,406,1128,395,5.0,287600,NEAR BAY
-122.21,37.8,39,2018,447,1221,446,3.0757,151000,NEAR BAY
-120.1,36.21,12,1462,356,1708,367,1.5086,64700,INLAND
-121.73,37.71,12,5608,1049,2595,1067,3.9864,200200,INLAND
-119.78,36.83,18,4164,741,1817,681,4.2153,95200,INLAND
-119.95,38.95,22,1058,352,851,269,2.02,87500,INLAND
-122.25,37.83,35,1613,428,675,422,3.4722,243100,NEAR BAY
-122.18,37.73,44,548,119,435,136,2.1111,79700,NEAR BAY
-122.34,37.98,33,2014,410,1354,427,3.9773,131300,NEAR BAY
-122.28,37.85,49,1130,244,607,239,2.4597,93800,NEAR BAY
-119.68,36.8,7,2855,518,1748,498,4.2066,88400,INLAND
-122.14,37.75,36,690,105,299,109,4.0313,195500,NEAR BAY
-119.83,36.8,24,3756,681,1586,739,3.8571,90100,INLAND
-119.75,36.72,22,3247,859,4179,881,1.3343,60800,INLAND
-122.29,37.9,49,1283,238,576,236,3.3333,276800,NEAR BAY
-122.18,37.74,46,2103,391,1339,354,2.2467,88900,NEAR BAY
-122.3,37.88,46,1647,376,854,355,2.9,144800,NEAR BAY
-121.97,37.8,17,3279,418,1222,381,7.9168,356000,<1H OCEAN
-121.92,37.72,4,7477,1576,2937,1506,5.1437,299400,<1H OCEAN
-119.69,36.83,8,943,189,475,155,4.9327,89500,INLAND
-122.28,37.78,50,1487,306,730,327,2.5139,219000,NEAR BAY
-121.96,39.3,39,701,130,271,89,2.1845,112500,INLAND
-122.22,37.79,37,2343,574,1608,523,2.1494,132500,NEAR BAY
-122.03,37.55,22,9167,1373,4319,1404,6.992,284800,NEAR BAY
-122.26,38.03,41,1631,282,752,288,3.9345,150200,NEAR BAY
-122.3,37.86,50,499,127,287,128,2.75,140600,NEAR BAY
-119.79,36.7,23,1731,363,1210,341,1.3922,49500,INLAND
-122.19,37.79,50,954,217,546,201,2.6667,172800,NEAR BAY
-120.97,38.91,7,4341,716,1978,682,4.8311,172200,INLAND
-119.87,36.72,30,1584,316,984,300,2.0658,67900,INLAND
-122.13,39.74,20,1401,280,668,250,2.2569,94300,INLAND
-122.09,37.68,41,1382,353,704,314,3.5114,197500,NEAR BAY
-122.12,37.68,35,1958,484,1146,448,2.95,148900,NEAR BAY
-121.91,37.81,7,3477,416,1216,395,13.1499,500001,INLAND
-119.85,36.81,15,1743,310,1011,325,3.755,68000,INLAND
-119.77,36.83,19,3237,507,1378,510,4.7804,101100,INLAND
-122.28,37.91,38,2501,348,805,329,6.5576,358500,NEAR BAY
-121.97,37.51,25,3333,511,1671,504,5.4359,258300,<1H OCEAN
-119.76,36.79,26,3654,837,1976,830,2.1544,72800,INLAND
-121.79,39.73,8,5690,1189,2887,1077,3.0625,116300,INLAND
-122.27,37.87,30,1465,439,862,425,1.7778,268800,NEAR BAY
-121.96,37.51,22,5811,1125,3215,1086,4.4107,223500,<1H OCEAN
-122.17,37.75,43,1587,320,907,306,1.9821,98300,NEAR BAY
-120.35,36.14,9,2671,647,1484,541,1.7075,60400,INLAND
-120.31,36.65,24,943,209,514,156,2.25,76600,INLAND
-122.23,37.77,52,769,206,612,183,2.57,72000,NEAR BAY
-122.37,37.94,49,969,229,599,195,1.3167,71600,NEAR BAY
-122.01,37.58,17,4313,717,2629,721,5.7579,231800,NEAR BAY
-122.18,37.8,34,1355,195,442,195,6.2838,318200,NEAR BAY
-122.25,38.02,16,1803,267,946,266,5.7001,205100,NEAR BAY
-122.26,37.77,52,1848,479,921,477,2.875,234000,NEAR BAY
-122.0,37.86,18,8953,1074,3011,993,10.7372,500001,<1H OCEAN
-119.79,36.75,52,377,97,530,96,1.0,45000,INLAND
-122.29,37.91,46,2085,346,748,354,4.0536,262000,NEAR BAY
-122.12,37.99,33,1660,277,741,261,4.675,225400,NEAR BAY
-122.14,37.72,45,1397,253,555,248,2.983,202700,NEAR BAY
-121.79,37.69,25,6296,1082,3200,1047,4.5357,188400,INLAND
-122.32,38.01,26,3054,492,1495,496,4.6944,171100,NEAR BAY
-121.58,39.5,29,1947,383,925,337,2.1658,57600,INLAND
-119.85,36.77,27,1510,344,847,295,2.9315,83200,INLAND
-122.24,37.83,52,1757,246,585,227,5.8948,457800,NEAR BAY
-119.73,36.77,24,4410,939,2362,862,2.9406,73000,INLAND
-122.18,37.75,45,990,261,901,260,2.1731,82000,NEAR BAY
-119.85,36.83,11,2497,427,1101,405,4.8036,141600,INLAND
-121.93,37.73,8,831,231,404,224,3.375,350000,<1H OCEAN
-120.09,36.19,12,1923,559,2809,535,1.4191,55100,INLAND
-122.07,37.91,28,1731,295,810,295,5.0391,259800,NEAR BAY
-121.92,37.68,23,1655,223,706,219,7.2211,291900,<1H OCEAN
-122.28,37.87,52,1233,300,571,292,2.2788,182300,NEAR BAY
-122.26,37.83,52,1470,330,689,309,3.48,191400,NEAR BAY
-122.02,37.53,21,4280,673,2216,681,5.7072,242200,NEAR BAY
-122.17,37.88,32,3633,508,1393,506,7.6917,401800,NEAR BAY
-122.07,37.67,38,2104,409,1039,394,3.875,165300,NEAR BAY
-122.13,38.01,48,2123,494,859,474,1.8523,144800,NEAR BAY
-122.13,37.72,35,2183,383,976,392,3.8393,243500,NEAR BAY
-122.31,37.93,39,2505,371,872,345,5.3433,286500,NEAR BAY
-122.27,37.87,52,3084,698,1424,694,2.7372,210200,NEAR BAY
-119.76,36.81,19,4643,1429,4638,1335,1.2716,69400,INLAND
-119.81,36.77,49,1749,314,705,300,3.15,72200,INLAND
-119.79,36.84,22,1529,375,1543,395,1.7926,51700,INLAND
-119.71,36.81,19,1648,368,557,354,1.7969,72800,INLAND
-122.09,37.7,33,4413,1107,2239,1051,2.9861,208200,NEAR BAY
-122.12,37.89,30,3227,733,1260,684,4.125,257100,NEAR BAY
-122.34,37.94,44,1917,444,936,435,2.7391,140300,NEAR BAY
-122.36,37.95,38,1042,289,773,248,2.7714,104700,NEAR BAY
-122.2,37.79,40,1060,256,667,235,4.1739,169600,NEAR BAY
-122.26,37.77,52,1565,315,637,297,4.7778,351800,NEAR BAY
-122.19,37.8,46,1938,341,768,332,4.2727,246900,NEAR BAY
-121.98,37.97,26,2714,390,1232,409,5.9617,231100,INLAND
-119.34,37.12,23,1881,380,64,37,3.875,125000,INLAND
-120.93,38.65,12,2213,384,1097,351,4.5568,170100,INLAND
-121.57,39.74,17,1619,292,705,285,2.4623,126100,INLAND
-119.71,36.8,17,1415,267,861,293,3.25,81400,INLAND
-120.05,36.72,24,1961,422,1559,374,1.8299,57800,INLAND
-122.22,37.86,21,7099,1106,2401,1138,8.3014,358500,NEAR BAY
-119.25,36.71,13,2813,579,1385,512,2.2202,100000,INLAND
-122.35,37.95,42,1485,290,971,303,3.6094,114600,NEAR BAY
-122.07,37.93,25,7201,1521,3264,1433,3.7433,252100,NEAR BAY
-122.17,37.76,47,2118,413,965,382,2.1842,107900,NEAR BAY
-122.2,37.81,45,2964,436,1067,426,6.7851,323500,NEAR BAY
-121.88,38.03,10,2769,619,1045,469,4.1111,158600,INLAND
-122.05,37.61,16,1642,346,705,351,2.8971,163900,NEAR BAY
-119.94,38.92,24,1258,216,235,96,4.6,136800,INLAND
-122.1,37.65,31,1797,327,796,319,4.4427,204500,NEAR BAY
-121.91,38.02,15,2966,558,1687,527,3.4817,129800,INLAND
-121.52,39.49,30,1217,238,677,233,2.6563,63600,INLAND
-119.7,36.82,25,2379,540,1482,484,2.3173,68200,INLAND
-122.23,37.8,52,1192,289,772,257,2.3833,146900,NEAR BAY
-122.29,37.81,26,768,152,392,127,1.7719,82500,NEAR BAY
-122.08,37.7,32,2718,447,1156,410,5.2497,259300,NEAR BAY
-119.46,36.61,13,1348,258,719,246,3.625,108300,INLAND
-121.95,38.02,9,3360,833,2041,810,2.1013,100700,INLAND
-121.85,37.66,14,4236,701,1833,663,5.6399,300600,INLAND
-122.03,37.54,6,2918,672,1911,639,4.1406,178200,NEAR BAY
-122.07,37.97,20,1705,353,856,341,3.7262,211800,NEAR BAY
-122.08,37.95,24,3173,548,1351,536,5.0672,243000,NEAR BAY
-120.81,38.73,42,1276,260,799,259,2.7273,128600,INLAND
-122.02,37.6,36,1633,345,1382,338,3.694,159600,NEAR BAY
-122.06,37.54,20,6483,1068,3526,1060,5.0838,248200,NEAR BAY
-122.27,37.89,52,3046,373,975,365,8.8342,430500,NEAR BAY
-122.15,37.73,28,2215,587,830,573,2.1898,141700,NEAR BAY
-122.12,38.0,20,6992,1404,3221,1334,4.2042,166400,NEAR BAY
-122.01,37.95,8,3866,539,1555,513,6.0901,298200,NEAR BAY
-119.67,36.82,2,2579,376,1133,342,4.5577,123300,INLAND
-119.56,36.71,37,1609,374,1173,344,2.181,59900,INLAND
-122.24,38.01,16,2084,315,1154,307,6.0102,235600,NEAR BAY
-121.7,37.91,17,1962,291,825,267,4.8958,187100,INLAND
-121.82,37.69,12,1906,351,802,319,4.9375,227700,INLAND
-121.62,39.75,20,1173,261,523,258,1.0625,92800,INLAND
-121.85,37.68,4,4719,741,1895,742,6.8132,282500,INLAND
-119.78,36.75,31,1404,379,1515,387,1.2813,56400,INLAND
-119.83,36.79,35,1872,363,1054,369,3.3272,65600,INLAND
-122.22,37.84,50,2935,473,1031,479,7.5,295200,NEAR BAY
-122.25,37.86,52,1389,191,514,202,7.0897,446200,NEAR BAY
-122.09,37.64,32,1578,284,836,292,3.9063,184200,NEAR BAY
-122.18,37.86,33,4449,636,1684,617,8.9571,399700,NEAR BAY
-122.15,37.69,39,1670,308,957,335,5.1312,183600,NEAR BAY
-120.41,36.77,24,1335,312,1180,267,1.947,68900,INLAND
-122.13,38.01,51,1262,309,608,298,2.1974,139300,NEAR BAY
-122.3,37.88,52,409,97,208,98,1.6971,138800,NEAR BAY
-121.99,37.55,16,6647,2098,4649,1903,2.9074,213800,<1H OCEAN
-122.05,38.0,36,2476,472,1213,393,3.7333,136400,NEAR BAY
-120.36,36.13,29,1938,434,1306,415,3.0134,55500,INLAND
-122.35,37.93,39,2002,416,1166,395,1.7257,91500,NEAR BAY
-119.55,36.61,14,3004,793,3535,735,1.586,56900,INLAND
-122.28,37.83,52,1511,390,901,403,1.4103,103900,NEAR BAY
-119.57,36.7,34,1759,354,899,337,2.6823,72900,INLAND
-119.77,36.8,24,3748,770,1827,719,2.7222,83100,INLAND
-122.26,37.85,52,2202,434,910,402,3.2031,281500,NEAR BAY
-122.07,37.52,3,14014,2861,7205,2753,6.0824,273500,NEAR BAY
-122.18,37.79,39,617,95,236,106,5.2578,253000,NEAR BAY
-121.96,37.95,7,3418,740,1583,676,3.6133,196100,INLAND
-122.08,37.68,37,848,202,314,205,2.3958,190800,NEAR BAY
-120.56,38.09,34,2745,559,1150,491,2.3654,94900,INLAND
-121.97,37.97,26,1977,264,817,273,5.7512,240200,INLAND
-121.7,37.94,36,1710,320,861,300,2.8828,131100,INLAND
-121.99,37.81,17,465,83,146,75,4.9018,188500,<1H OCEAN
-119.59,36.52,35,990,192,674,178,3.3214,101600,INLAND
-121.19,39.55,17,1483,284,481,211,1.4896,83300,INLAND
-122.11,37.64,8,3592,849,1907,746,3.6708,197900,NEAR BAY
-119.99,38.93,23,1882,414,673,277,2.9091,141900,INLAND
-121.87,39.75,22,1707,296,822,297,3.6625,126600,INLAND
-121.95,37.81,5,7178,898,2823,907,9.0776,450400,<1H OCEAN
-120.69,38.36,19,3267,614,1252,566,2.7236,109900,INLAND
-122.17,37.74,46,769,183,693,178,2.25,84200,NEAR BAY
-119.8,36.79,45,1337,187,471,187,5.187,153800,INLAND
-119.73,36.75,39,1745,321,901,303,3.1719,67900,INLAND
-122.23,37.76,52,1049,185,374,176,4.1458,248500,NEAR BAY
-121.97,37.77,13,7241,1007,3221,947,7.2216,324600,<1H OCEAN
-121.76,37.68,32,1078,207,555,197,3.1856,186900,INLAND
-119.81,36.81,33,3972,594,1324,561,5.4513,143300,INLAND
-122.27,37.89,52,1978,293,723,272,5.3989,335600,NEAR BAY
-121.71,39.42,21,1432,284,862,275,2.2813,57600,INLAND
-121.97,37.95,8,4253,709,1883,662,5.431,246700,INLAND
-119.73,36.83,14,3348,491,1584,493,5.0828,111400,INLAND
-122.06,37.95,36,2213,386,950,370,4.7386,186400,NEAR BAY
-121.97,37.96,28,1433,290,877,313,4.7891,184800,INLAND
-122.26,37.88,52,2551,417,894,404,6.2425,391800,NEAR BAY
-121.47,39.51,19,3720,636,1304,607,2.6921,97500,INLAND
-121.87,39.82,11,5103,825,2456,810,4.5032,159700,INLAND
-119.73,36.8,24,1316,249,781,260,3.7578,69200,INLAND
-122.23,37.76,52,1316,177,378,162,5.2915,333000,NEAR BAY
-122.04,37.97,26,2470,626,1174,573,2.9861,160900,NEAR BAY
-119.77,36.77,29,2554,705,2669,655,1.2176,61900,INLAND
-122.09,37.91,18,9576,1455,3486,1380,7.0895,306900,NEAR BAY
-122.19,37.78,52,2198,397,984,369,3.22,156500,NEAR BAY
-122.33,37.93,34,2326,471,1356,441,2.3475,90300,NEAR BAY
-122.07,37.58,16,1893,338,1461,344,5.225,213700,NEAR BAY
-122.1,37.69,44,2341,500,1256,485,2.9507,157100,NEAR BAY
-119.76,36.8,29,3494,662,1781,616,2.5893,70900,INLAND
-122.21,37.78,52,1056,224,792,245,2.6583,142600,NEAR BAY
-122.02,37.63,6,2445,590,1189,573,3.8958,301100,NEAR BAY
-122.23,37.81,52,2814,365,878,352,7.508,348700,NEAR BAY
-122.19,37.73,44,1066,253,825,244,2.1538,79700,NEAR BAY
-119.12,36.69,13,3963,812,1905,671,2.2278,90500,INLAND
-122.04,37.97,39,1323,245,705,261,3.1968,151000,NEAR BAY
-122.3,37.92,32,3943,605,1524,614,6.0677,321600,NEAR BAY
-122.21,37.78,52,1477,300,1065,269,1.8472,137000,NEAR BAY
-122.32,37.92,29,2304,399,1377,454,5.0187,140600,NEAR BAY
-122.26,37.86,35,5161,1744,3276,1742,1.6307,253600,NEAR BAY
-122.27,38.0,15,1216,166,572,178,5.8418,240300,NEAR BAY
-119.73,36.52,20,1741,331,1466,289,2.5921,94200,INLAND
-122.03,37.83,24,5948,738,1997,710,9.8708,500001,NEAR BAY
-119.56,36.51,37,1018,213,663,204,1.6635,67000,INLAND
-122.14,37.7,17,1463,292,695,330,4.5859,187200,NEAR BAY
-121.92,37.48,23,4314,676,1972,623,5.3813,264400,<1H OCEAN
-121.85,39.73,52,444,80,1107,98,3.4191,137500,INLAND
-122.17,37.77,39,1612,342,912,322,3.3958,141900,NEAR BAY
-120.76,38.73,17,512,129,314,140,1.5625,108300,INLAND
-119.87,36.79,8,2875,548,1718,551,3.6522,80200,INLAND
-121.02,38.66,4,7392,1155,3096,1065,4.5246,198900,INLAND
-122.09,37.66,39,1160,259,725,274,2.2222,158300,NEAR BAY
-122.1,37.93,20,10212,1424,4083,1374,8.039,382200,NEAR BAY
-119.69,36.85,20,2655,432,1081,379,4.5398,143100,INLAND
-119.49,37.1,24,2532,555,1564,507,2.3359,92400,INLAND
-122.07,37.93,45,1544,244,614,238,5.0255,226000,NEAR BAY
-122.35,37.96,29,1899,524,1357,443,1.875,97200,NEAR BAY
-122.36,37.95,38,1066,248,729,286,1.5139,81700,NEAR BAY
-122.12,37.82,26,2269,317,918,313,6.6657,364500,NEAR BAY
-122.1,37.68,37,2116,503,1109,448,2.535,174000,NEAR BAY
-122.29,37.81,23,1745,374,1054,325,0.8026,112500,NEAR BAY
-122.08,37.92,26,1733,265,796,274,6.195,264900,NEAR BAY
-120.37,38.23,13,4401,829,924,383,2.6942,123500,INLAND
-122.18,37.89,18,4845,735,1634,734,8.1489,499000,NEAR BAY
-119.8,36.75,46,2625,593,1368,551,1.5273,59000,INLAND
-122.09,37.94,29,6895,1022,2634,1022,6.1922,273200,NEAR BAY
-122.26,37.83,52,1443,311,660,292,3.0125,184400,NEAR BAY
-122.19,37.78,52,1026,180,469,168,2.875,160000,NEAR BAY
-121.8,39.33,30,1019,192,501,185,2.5259,81300,INLAND
-121.92,37.53,7,28258,3864,12203,3701,8.4045,451100,<1H OCEAN
-122.09,37.66,40,1340,313,766,271,3.4722,135400,NEAR BAY
-122.1,37.65,36,410,76,252,82,4.5303,175000,NEAR BAY
-119.72,36.81,15,2175,564,1194,482,2.6767,87500,INLAND
-121.8,37.69,17,3956,639,2222,662,5.4324,215500,INLAND
-122.21,37.78,49,898,244,779,245,3.0536,137500,NEAR BAY
-122.18,37.81,30,292,38,126,52,6.3624,483300,NEAR BAY
-121.87,37.66,39,522,116,161,102,2.4896,238500,INLAND
-119.7,36.8,31,1746,321,1186,360,2.6932,66400,INLAND
-122.12,38.01,50,1738,355,837,363,3.609,135700,NEAR BAY
-119.79,36.79,26,1700,423,909,386,2.256,64500,INLAND
-122.13,37.67,42,3592,703,1625,665,3.2434,179900,NEAR BAY
-121.87,37.67,28,1812,294,853,278,4.9879,229400,INLAND
-122.09,37.65,27,2630,722,1414,634,2.8203,195200,NEAR BAY
-122.15,37.68,35,2632,447,1349,486,4.3864,205200,NEAR BAY
-121.89,38.01,28,3639,751,2362,641,3.0042,103900,INLAND
-122.11,37.67,32,3028,811,2037,703,3.0645,165400,NEAR BAY
-121.08,38.67,10,2499,331,1040,333,6.844,239600,INLAND
-121.82,38.01,25,3018,606,1614,568,3.4722,127000,INLAND
-122.04,37.94,24,5732,873,2444,888,5.6292,231400,NEAR BAY
-119.75,36.75,50,1515,294,852,297,1.9955,54200,INLAND
-121.89,38.02,36,2707,550,1827,545,3.3371,94600,INLAND
-122.06,37.6,18,1726,276,1186,310,5.3226,231700,NEAR BAY
-119.76,36.8,20,6257,1346,2795,1267,2.2094,83700,INLAND
-122.07,37.66,28,2280,610,1255,587,2.6719,161200,NEAR BAY
-121.97,37.55,17,4924,1247,3080,1182,3.168,189400,<1H OCEAN
-119.79,36.82,23,4358,819,1852,802,3.4167,105200,INLAND
-122.09,37.7,31,2053,336,867,329,4.3375,241800,NEAR BAY
-122.3,37.97,30,4030,772,1777,718,3.6393,184000,NEAR BAY
-122.1,37.96,20,3796,650,1679,611,4.3571,228200,NEAR BAY
-119.8,36.78,43,2382,431,874,380,3.5542,96500,INLAND
-122.08,37.84,17,1320,159,1722,141,11.7064,500001,NEAR BAY
-119.79,36.77,43,2323,502,1144,471,2.3967,58700,INLAND
-121.8,39.64,25,2202,422,1109,403,2.8306,87500,INLAND
-122.33,37.96,46,1222,236,819,251,3.9118,129400,NEAR BAY
-122.24,37.85,37,334,54,98,47,4.9643,335000,NEAR BAY
-122.08,37.72,32,2476,368,1048,367,5.6194,274700,NEAR BAY
-121.74,39.59,24,1535,279,726,272,2.3833,95100,INLAND
-122.28,37.88,52,2495,491,1058,464,4.1429,259600,NEAR BAY
-120.93,38.5,15,1248,234,529,216,3.3393,107200,INLAND
-120.78,38.72,19,4414,767,1865,699,3.6406,150900,INLAND
-120.85,38.69,18,5928,1097,2697,1096,3.4872,141400,INLAND
-122.19,37.8,52,1813,271,637,277,4.0114,263400,NEAR BAY
-121.99,37.54,18,3584,715,1673,661,3.9444,240100,<1H OCEAN
-122.14,37.73,43,2264,390,931,368,3.8125,235100,NEAR BAY
-122.31,38.0,26,3735,641,1708,633,4.621,191100,NEAR BAY
-122.23,37.82,52,3494,396,1192,383,12.3804,500001,NEAR BAY
-121.71,39.41,22,1814,342,941,323,2.1728,59400,INLAND
-120.84,38.77,11,1013,188,410,158,4.825,184600,INLAND
-121.7,39.36,46,1210,243,523,242,1.91,63900,INLAND
-122.27,37.88,52,3360,648,1232,621,4.2813,284900,NEAR BAY
-122.25,37.84,52,3104,687,1157,647,3.12,241400,NEAR BAY
-122.28,37.86,52,3007,691,1582,636,2.5652,157700,NEAR BAY
-119.81,36.72,46,1414,268,902,243,1.5833,56700,INLAND
-122.23,37.83,52,2990,379,947,361,7.8772,500001,NEAR BAY
-121.86,38.0,16,3216,464,1504,453,5.25,161700,INLAND
-122.26,37.84,50,2239,455,990,419,1.9911,158700,NEAR BAY
-121.88,38.01,9,5329,1284,2827,1202,2.7374,150000,INLAND
-122.07,37.66,21,5031,1168,2461,1042,3.875,179300,NEAR BAY
-122.2,37.76,47,1116,259,826,279,1.75,85700,NEAR BAY
-122.31,37.91,31,1432,348,681,348,2.7243,218100,NEAR BAY
-122.15,37.75,44,1938,399,946,331,3.225,135800,NEAR BAY
-120.08,36.72,22,1339,251,820,276,3.6,83200,INLAND
-122.09,37.6,36,385,94,295,92,2.9706,147900,NEAR BAY
-122.04,37.96,28,1207,252,724,252,3.6964,165700,NEAR BAY
-121.79,37.99,18,3646,534,1651,535,5.7321,164700,INLAND
-122.07,37.64,22,5861,1516,5436,1463,2.5158,134900,NEAR BAY
-122.25,37.85,52,1274,235,558,219,5.6431,341300,NEAR BAY
-119.77,36.85,8,1519,234,711,248,5.9897,123600,INLAND
-122.14,37.67,34,3036,533,1366,500,4.2386,192300,NEAR BAY
-119.76,36.75,39,2233,563,2031,491,1.8641,50800,INLAND
-122.15,37.74,52,2898,557,1338,550,3.851,183500,NEAR BAY
-122.28,37.88,52,957,188,403,172,3.2344,245500,NEAR BAY
-121.63,39.82,11,3974,727,1610,634,2.6147,107700,INLAND
-121.53,39.52,30,1030,161,448,159,2.4821,73800,INLAND
-120.16,39.01,16,1463,264,54,26,4.975,206300,INLAND
-122.23,37.84,50,2515,399,970,373,5.8596,327600,NEAR BAY
-121.97,37.76,8,3743,581,1633,567,6.7027,381900,<1H OCEAN
-122.11,37.71,36,4569,824,1950,819,4.65,206800,NEAR BAY
-119.74,36.79,28,2857,619,1614,592,2.1573,71400,INLAND
-122.25,38.05,30,1255,297,779,307,1.6767,147700,NEAR BAY
-122.16,37.89,32,1779,241,721,258,8.7589,434500,NEAR BAY
-122.1,37.9,38,827,144,368,136,6.5095,294400,NEAR BAY
-122.17,37.78,49,893,177,468,181,3.875,140600,NEAR BAY
-119.69,36.69,36,1432,269,836,237,2.1563,88300,INLAND
-119.48,37.0,16,2904,551,1467,509,3.1736,111800,INLAND
-121.62,39.5,18,2105,416,974,385,1.6346,63300,INLAND
-122.17,37.76,38,1764,397,987,354,2.4333,98200,NEAR BAY
-122.26,37.88,52,1149,255,483,249,4.2788,332500,NEAR BAY
-122.03,37.93,21,4712,624,1773,615,6.0918,344800,NEAR BAY
-119.4,36.59,37,1486,296,977,290,3.5074,93800,INLAND
-122.12,37.81,26,4048,513,1486,498,7.6717,416500,NEAR BAY
-121.91,37.47,13,5377,744,2759,760,6.868,337300,<1H OCEAN
-122.32,38.0,32,2275,397,1233,418,4.0437,162800,NEAR BAY
-120.36,36.14,18,1206,274,622,217,1.8264,62000,INLAND
-121.92,37.74,8,452,51,140,43,12.5915,432400,<1H OCEAN
-121.76,37.68,35,1864,357,1189,349,4.2361,177500,INLAND
-122.13,37.89,27,744,214,295,169,2.7411,350000,NEAR BAY
-119.7,36.75,11,3626,779,1819,731,2.4956,87500,INLAND
-122.1,37.89,21,3282,653,1398,601,5.2079,310300,NEAR BAY
-122.34,37.93,32,2389,652,1672,584,1.4423,88300,NEAR BAY
-121.96,37.95,13,3216,765,1627,715,3.0859,167800,INLAND
-121.59,39.82,12,1958,369,875,354,2.3507,97600,INLAND
-121.98,37.95,14,6290,854,2724,820,6.7371,267400,INLAND
-121.78,39.71,8,140,28,84,29,2.125,179200,INLAND
-121.95,37.96,18,2739,393,1072,374,6.1436,259500,INLAND
-119.79,36.8,27,2462,484,852,449,3.32,124700,INLAND
-122.23,37.76,52,2269,323,805,321,4.7188,335300,NEAR BAY
-121.6,39.77,23,2263,497,1138,455,2.3403,87300,INLAND
-119.82,36.82,28,2268,336,752,330,5.2809,151500,INLAND
-121.99,37.96,17,2756,423,1228,426,5.5872,200600,INLAND
-120.04,36.79,48,1341,239,671,208,2.7917,82800,INLAND
-122.24,37.73,21,7031,1249,2930,1235,4.5213,228400,NEAR BAY
-122.07,37.63,35,1931,376,1175,337,3.7292,168100,NEAR BAY
-119.78,36.76,50,1343,322,1063,342,1.75,49800,INLAND
-122.27,37.85,52,4076,920,1800,815,2.7054,182300,NEAR BAY
-119.75,36.76,29,2077,524,1887,489,1.4107,59800,INLAND
-122.02,37.55,33,1325,274,909,267,4.5687,177200,NEAR BAY
-122.04,37.95,33,1653,334,814,328,3.1406,163100,NEAR BAY
-119.43,36.59,15,1371,306,1266,309,1.767,63300,INLAND
-122.21,37.79,35,1745,409,1143,386,2.875,143800,NEAR BAY
-122.03,37.6,24,2077,383,1488,389,4.5721,214700,NEAR BAY
-122.04,37.65,10,8299,1326,3827,1288,6.2579,315500,NEAR BAY
-121.99,37.54,28,3046,507,1772,516,5.3283,227900,<1H OCEAN
-122.01,39.21,39,1214,250,660,249,2.4559,75000,INLAND
-121.82,39.75,29,7744,1375,3316,1365,3.0253,111400,INLAND
-120.38,36.75,25,1689,495,1745,457,1.9056,60000,INLAND
-122.07,37.86,23,1025,205,263,191,3.12,155000,NEAR BAY
-122.27,37.86,52,2307,583,1127,548,1.8447,198200,NEAR BAY
-122.27,37.85,47,2077,400,719,326,2.2431,172700,NEAR BAY
-120.38,36.15,17,2279,448,1200,420,2.7461,70000,INLAND
-121.63,39.76,22,2598,482,1151,490,2.8182,109700,INLAND
-121.54,40.06,17,858,262,47,27,2.4028,67500,INLAND
-122.3,37.81,52,1224,237,521,159,1.191,76100,NEAR BAY
-121.75,37.68,35,1755,299,702,263,5.2443,183400,INLAND
-122.03,38.0,25,3577,581,1753,593,5.7295,178300,NEAR BAY
-122.23,37.82,52,3242,366,1001,352,12.2138,500001,NEAR BAY
-122.25,37.83,52,2376,559,939,519,3.1484,224100,NEAR BAY
-122.19,37.75,28,856,189,435,162,0.8012,81800,NEAR BAY
-119.68,36.81,16,2668,454,1536,457,3.9792,88900,INLAND
-122.27,37.84,48,1922,409,1026,335,1.7969,110400,NEAR BAY
-121.94,38.03,27,1654,478,1141,420,1.4871,87100,INLAND
-120.57,38.35,17,1504,358,661,250,2.2604,84800,INLAND
-122.27,37.78,52,1222,264,630,265,3.7708,215300,NEAR BAY
-122.04,37.99,32,1504,279,749,267,3.2,134500,NEAR BAY
-121.52,39.51,30,3085,610,1688,575,2.334,72200,INLAND
-122.15,37.69,36,1501,287,703,276,3.8864,197300,NEAR BAY
-120.01,38.89,24,1669,422,589,281,3.0089,100800,INLAND
-122.3,37.77,42,2038,368,2037,355,2.6447,200000,NEAR BAY
-121.54,39.5,38,1438,310,779,275,1.3289,39400,INLAND
-122.09,38.02,37,1742,339,1128,345,3.8824,113700,NEAR BAY
-121.82,37.73,47,127,23,51,21,4.3472,375000,INLAND
-122.26,37.87,52,1087,371,3337,350,1.4012,175000,NEAR BAY
-120.0,38.92,17,1106,207,466,180,3.3295,126600,INLAND
-122.25,37.77,52,2156,458,872,445,3.2685,254200,NEAR BAY
-121.82,37.81,12,4711,659,2089,621,8.3209,485400,INLAND
-121.93,37.49,5,1150,311,648,245,3.5714,300000,<1H OCEAN
-122.08,37.69,42,1414,274,629,244,3.3478,184900,NEAR BAY
-121.6,37.9,5,14684,2252,4276,1722,6.9051,340900,INLAND
-122.19,37.84,18,1617,210,533,194,11.6017,392600,NEAR BAY
-121.96,37.81,12,6488,778,2404,765,8.3188,403400,<1H OCEAN
-119.75,36.8,25,2718,504,1257,465,2.3333,90600,INLAND
-122.29,37.81,46,12,4,18,7,0.4999,67500,NEAR BAY
-121.62,39.77,23,1759,366,788,359,1.8125,93500,INLAND
-121.61,37.86,30,1428,287,989,287,3.691,154400,INLAND
-122.09,37.63,34,1457,242,735,249,3.9167,189500,NEAR BAY
-122.28,37.82,52,1170,235,701,233,1.6098,87500,NEAR BAY
-122.26,38.0,5,6265,908,3326,872,6.2073,272900,NEAR BAY
-122.02,37.56,35,1716,312,914,316,5.5737,214500,NEAR BAY
-122.2,37.78,50,1867,403,1128,378,2.5401,129100,NEAR BAY
-122.23,37.78,52,986,258,1008,255,1.4844,119400,NEAR BAY
-122.04,37.67,29,1694,251,690,242,6.0501,254200,NEAR BAY
-122.03,37.86,25,3004,393,1145,376,7.2655,494000,NEAR BAY
-122.35,37.97,43,2178,482,1545,471,2.5863,112200,NEAR BAY
-119.52,36.61,33,1225,275,1065,248,1.8958,55100,INLAND
-122.28,37.8,38,684,176,344,155,2.0114,131300,NEAR BAY
-122.12,37.94,22,4949,626,1850,590,10.4549,500001,NEAR BAY
-119.57,36.71,10,1657,359,958,380,2.6458,84800,INLAND
-120.7,38.75,19,2325,430,967,376,2.9,158700,INLAND
-122.02,37.94,19,3192,612,1317,594,4.125,267100,NEAR BAY
-119.8,36.74,25,1717,542,1343,471,0.799,51800,INLAND
-119.72,36.73,9,1914,491,1116,424,1.4646,65900,INLAND
-122.21,38.02,15,2150,327,1094,324,6.0224,198500,NEAR BAY
-122.36,37.95,40,408,102,302,81,1.8333,69800,NEAR BAY
-121.59,39.86,14,1527,269,665,261,2.8657,119600,INLAND
-120.39,36.78,11,1947,488,2104,486,1.7184,55200,INLAND
-122.05,37.68,23,7518,1279,3827,1294,5.1701,216800,NEAR BAY
-119.84,36.82,17,2807,376,996,353,5.5357,167700,INLAND
-119.84,36.8,16,2849,506,1508,478,3.4074,72700,INLAND
-120.87,38.37,28,3998,765,1614,698,2.8125,113400,INLAND
-119.76,36.77,36,2507,466,1227,474,2.785,72300,INLAND
-122.05,37.9,32,4498,862,1818,851,4.8088,321200,NEAR BAY
-119.98,38.92,28,1408,312,522,221,2.0708,89600,INLAND
-120.41,38.33,17,1463,338,529,226,3.024,100900,INLAND
-119.76,36.78,30,6117,1330,2768,1224,2.1383,78800,INLAND
-119.79,36.74,35,853,296,1228,289,1.0513,39600,INLAND
-122.22,37.8,52,2721,541,1185,515,4.5428,239800,NEAR BAY
-122.29,37.98,27,2133,347,850,350,5.1046,209800,NEAR BAY
-122.17,37.75,37,1379,287,835,259,2.4962,91800,NEAR BAY
-120.34,38.23,10,3757,722,546,223,3.75,121400,INLAND
-121.81,37.99,22,2331,359,1086,340,5.1435,150800,INLAND
-120.81,38.89,17,1438,324,675,268,2.9444,119300,INLAND
-122.03,37.98,45,2842,567,1261,535,3.6042,138200,NEAR BAY
-122.26,37.84,52,950,202,467,198,3.9643,188800,NEAR BAY
-121.99,37.97,28,2839,428,1372,443,6.2135,217200,INLAND
-122.35,37.98,34,3756,726,2237,686,3.7562,132900,NEAR BAY
-122.2,37.84,35,2865,460,1072,443,7.4882,319300,NEAR BAY
-119.73,36.62,35,2080,365,1026,333,3.5781,92800,INLAND
-122.2,37.84,30,2211,346,844,343,6.0666,311500,NEAR BAY
-122.17,37.75,48,1751,390,935,349,1.4375,90000,NEAR BAY
-121.54,39.47,14,1724,315,939,302,2.4952,53900,INLAND
-120.76,38.76,21,3509,606,1576,564,2.6392,148500,INLAND
-119.82,36.64,30,1694,312,1008,321,2.2466,96000,INLAND
-121.95,37.78,4,14652,2826,5613,2579,6.3942,356700,<1H OCEAN
-121.98,37.74,8,2865,389,1376,417,7.9393,399300,<1H OCEAN
-122.05,37.59,15,6243,1273,3163,1274,3.7462,212500,NEAR BAY
-121.53,39.52,24,1028,185,471,186,2.9688,86400,INLAND
-119.68,36.77,21,1260,182,583,205,6.0132,150800,INLAND
-119.8,36.75,41,1659,466,1391,447,1.3527,61200,INLAND
-122.22,37.77,52,391,128,520,138,1.6471,95000,NEAR BAY
-121.54,39.48,29,2896,596,1809,617,1.8047,53800,INLAND
-122.19,37.77,52,2170,428,1086,425,3.3715,143900,NEAR BAY
-122.23,37.8,52,783,184,488,186,1.9375,126600,NEAR BAY
-122.07,37.7,32,3400,736,1487,694,3.0,223200,NEAR BAY
-119.69,36.71,25,556,79,249,71,4.4583,108300,INLAND
-122.34,37.88,37,3061,930,2556,924,1.7375,350000,NEAR BAY
-119.76,36.83,20,3214,446,1360,463,5.2595,110900,INLAND
-119.72,36.71,7,2456,463,1350,424,3.0179,91600,INLAND
-121.96,37.99,2,3129,707,1606,698,2.9591,210100,INLAND
-119.69,36.74,23,2097,385,911,405,3.5128,121600,INLAND
-122.37,37.96,37,1572,402,1046,350,0.7403,68600,NEAR BAY
-119.82,36.72,17,1276,242,927,238,2.6176,54100,INLAND
-121.66,37.93,19,2055,358,1064,350,4.7426,263100,INLAND
-122.26,37.86,52,3774,744,1461,679,2.9405,289500,NEAR BAY
-122.41,37.98,36,60,15,42,25,1.4583,67500,NEAR BAY
-121.82,39.73,44,2923,659,1371,626,2.2925,85800,INLAND
-119.87,36.76,34,1649,323,919,316,2.875,74500,INLAND
-122.07,37.58,16,1644,251,1033,267,6.5116,244300,NEAR BAY
-122.06,37.64,33,1160,252,729,220,3.8259,146100,NEAR BAY
-122.23,37.8,50,1746,480,1149,415,2.25,123500,NEAR BAY
-119.77,36.76,40,2009,519,2219,505,1.2101,49100,INLAND
-121.88,37.67,25,2244,301,937,324,6.4524,296900,INLAND
-122.06,37.64,20,1655,450,857,430,3.5541,350000,NEAR BAY
-122.0,37.98,35,1192,201,535,172,4.9219,182000,INLAND
-122.01,37.94,26,1619,224,706,220,6.0704,268000,NEAR BAY
-119.75,36.87,3,13802,2244,5226,1972,5.0941,143700,INLAND
-122.37,37.95,32,1298,363,716,268,0.9797,76400,NEAR BAY
-122.07,37.86,17,1102,224,317,208,3.5893,206300,NEAR BAY
-122.17,37.87,38,1261,177,472,183,6.917,438000,NEAR BAY
-122.27,37.82,43,1868,456,1061,407,1.5045,93800,NEAR BAY
-121.79,38.0,34,3090,593,1588,566,3.6118,124700,INLAND
-122.3,37.87,10,503,118,228,100,2.1705,150000,NEAR BAY
-122.16,37.69,36,1118,219,625,228,3.7813,192200,NEAR BAY
-121.94,37.71,15,6473,1027,2484,970,5.0143,271100,<1H OCEAN
-121.88,38.02,46,2112,466,1249,382,2.5737,87000,INLAND
-121.89,37.82,4,11444,1355,3898,1257,13.2949,500001,INLAND
-122.04,37.54,26,2145,369,1285,377,4.9464,223800,NEAR BAY
-119.46,36.91,12,2980,495,1184,429,3.9141,123900,INLAND
-122.21,37.8,38,2254,535,951,487,3.0812,233100,NEAR BAY
-120.19,36.61,29,1479,338,1408,322,2.293,57200,INLAND
-121.44,39.5,26,1652,325,790,292,3.0446,90800,INLAND
-122.13,37.87,18,1820,220,728,229,10.3713,426100,NEAR BAY
-122.14,37.85,27,9147,1276,3371,1269,7.3267,389900,NEAR BAY
-122.05,37.95,27,3513,791,1875,694,3.1838,182000,NEAR BAY
-122.08,37.69,36,2350,499,1105,467,3.3021,195700,NEAR BAY
-121.87,38.02,52,2264,439,1403,476,2.7083,99400,INLAND
-122.16,37.69,36,1480,278,796,283,4.3971,205700,NEAR BAY
-121.65,39.76,31,1599,318,794,303,3.0,96700,INLAND
-122.26,37.78,52,1045,239,496,216,2.9213,190800,NEAR BAY
-122.12,37.7,41,3495,787,1849,750,2.679,144900,NEAR BAY
-122.15,37.72,29,4169,1047,2024,962,2.8125,157400,NEAR BAY
-119.95,38.94,24,2180,517,755,223,2.5875,173400,INLAND
-124.21,41.75,20,3810,787,1993,721,2.0074,66900,NEAR OCEAN
-121.59,39.79,20,743,171,395,168,1.625,88300,INLAND
-122.35,37.96,32,1991,504,1139,423,2.0353,113600,NEAR BAY
-122.22,37.88,20,95,13,31,15,2.4444,475000,NEAR BAY
-122.22,37.8,52,2183,465,1129,460,3.2632,227700,NEAR BAY
-122.18,37.77,42,1180,257,877,268,2.8125,97300,NEAR BAY
-120.0,38.52,16,3045,543,202,102,3.15,140600,INLAND
-122.19,37.77,45,1852,393,1132,349,2.7159,101400,NEAR BAY
-121.87,37.67,10,4337,800,1813,743,5.5,247200,INLAND
-120.04,38.86,16,2708,481,712,261,3.7891,117700,INLAND
-119.67,36.83,3,2029,336,1003,340,4.4356,111300,INLAND
-122.22,37.78,50,1920,530,1525,477,1.4886,128800,NEAR BAY
-122.11,37.66,29,2544,643,2332,603,3.2091,150000,NEAR BAY
-122.04,37.66,23,2419,348,1066,384,6.3501,350000,NEAR BAY
-122.28,37.91,41,3009,482,1053,490,5.828,324400,NEAR BAY
-121.63,38.03,17,2549,596,1169,500,3.6694,209400,INLAND
-122.35,37.96,36,2191,531,1563,524,2.5164,114200,NEAR BAY
-122.34,37.95,44,1788,368,933,329,2.875,133400,NEAR BAY
-120.99,38.69,5,5743,1074,2651,962,4.1163,172500,INLAND
-121.0,38.58,12,3425,549,1357,451,5.3344,217500,INLAND
-119.76,36.75,41,1576,417,1567,366,1.2545,45500,INLAND
-119.45,36.59,28,1274,215,572,202,3.825,84200,INLAND
-122.19,37.83,29,1791,271,661,269,6.8538,368900,NEAR BAY
-122.08,37.63,34,1619,293,1148,310,4.0326,164700,NEAR BAY
-122.01,37.83,30,3917,549,1330,544,6.5617,386600,NEAR BAY
-122.3,37.97,35,1811,377,911,340,3.375,149700,NEAR BAY
-121.55,39.51,48,827,198,396,161,0.8024,58300,INLAND
-122.16,37.7,36,1097,208,568,225,2.9917,194600,NEAR BAY
-122.18,37.73,43,1391,293,855,285,2.5192,76400,NEAR BAY
-121.99,37.55,28,2414,415,1106,453,4.8403,268600,<1H OCEAN
-124.14,41.95,21,2696,578,1208,494,2.275,122400,NEAR OCEAN
-122.32,37.96,25,1728,403,934,412,3.375,133700,NEAR BAY
-122.1,37.72,30,2599,366,922,350,5.8382,330200,NEAR BAY
-119.82,36.83,16,2868,376,1016,379,6.1175,144700,INLAND
-119.76,36.68,29,1243,312,836,277,1.8355,74200,INLAND
-122.16,37.75,46,954,161,429,154,2.925,142900,NEAR BAY
-122.05,37.55,23,4247,835,2357,823,5.1321,211300,NEAR BAY
-122.24,37.85,52,2612,365,901,367,7.2354,391100,NEAR BAY
-119.73,36.56,32,1513,272,1038,272,3.0469,82700,INLAND
-122.22,37.8,52,2286,464,1073,441,3.0298,199600,NEAR BAY
-122.28,37.88,52,1193,200,506,207,4.1912,254500,NEAR BAY
-122.04,37.61,36,1151,216,727,215,4.1719,187000,NEAR BAY
-120.95,38.69,10,3421,563,1689,545,5.2032,217100,INLAND
-119.53,36.65,43,1676,320,1056,276,2.5562,93200,INLAND
-119.98,36.74,26,1453,251,896,260,3.4861,112500,INLAND
-122.35,37.93,28,1995,488,1182,439,2.3352,84300,NEAR BAY
-119.83,36.71,43,355,81,233,75,2.4167,73900,INLAND
-122.1,38.02,28,4308,824,2086,776,3.6523,159700,NEAR BAY
-121.07,38.66,22,1831,274,813,269,4.6394,173400,INLAND
-120.32,38.71,13,1115,255,86,32,3.5667,115600,INLAND
-124.17,41.76,20,2673,538,1282,514,2.4605,105900,NEAR OCEAN
-121.94,37.53,33,2095,342,941,304,5.761,259600,<1H OCEAN
-119.67,36.65,20,2512,449,1464,450,3.9211,92300,INLAND
-121.97,37.93,4,3241,464,1552,494,6.6134,307000,INLAND
-122.27,37.88,44,2252,592,989,550,3.0132,272900,NEAR BAY
-121.91,37.93,13,1610,198,703,217,8.7059,329400,INLAND
-120.91,38.11,9,3585,680,1800,598,3.636,133100,INLAND
-122.27,37.84,52,1503,298,690,275,2.6033,162900,NEAR BAY
-119.72,36.82,15,946,239,550,246,2.2639,52500,INLAND
-121.83,37.99,16,2919,462,1456,453,5.6779,164700,INLAND
-119.82,36.75,41,1022,209,741,213,2.0781,48800,INLAND
-122.17,37.77,30,3326,746,1704,703,2.875,135300,NEAR BAY
-118.91,36.79,19,1616,324,187,80,3.7857,78600,INLAND
-122.41,37.94,52,154,33,89,38,3.2875,275000,NEAR BAY
-121.72,37.7,17,1671,352,729,252,6.1023,450000,INLAND
-121.7,37.96,33,2396,452,1391,465,3.2813,151400,INLAND
-122.23,38.05,52,1736,358,638,297,2.5517,147100,NEAR BAY
-120.07,36.74,19,2627,502,1295,441,3.087,88200,INLAND
-121.8,39.75,11,7212,1355,3264,1264,3.1125,122600,INLAND
-124.15,41.81,17,3276,628,3546,585,2.2868,103100,NEAR OCEAN
-122.0,37.84,16,7681,946,2777,908,9.5271,500001,<1H OCEAN
-119.69,36.79,5,2613,476,1490,481,4.0993,83000,INLAND
-119.78,36.75,35,2114,506,2050,474,1.2375,50000,INLAND
-122.25,37.87,41,685,141,266,123,5.2289,384600,NEAR BAY
-122.1,37.71,27,6740,1073,2723,1035,5.2131,252500,NEAR BAY
-122.3,37.9,15,5083,1212,2420,1146,4.5824,256100,NEAR BAY
-121.83,38.0,8,2572,738,1384,684,1.7161,75800,INLAND
-121.78,38.0,8,2371,375,1094,396,5.3245,174500,INLAND
-119.44,36.6,34,864,184,579,171,2.0417,72500,INLAND
-120.76,38.65,17,2319,430,1126,372,3.5511,155900,INLAND
-119.82,36.81,25,3305,551,1149,500,5.0698,150900,INLAND
-121.96,37.58,15,3575,597,1777,559,5.7192,283500,<1H OCEAN
-122.27,37.9,52,2079,273,684,275,7.9556,374400,NEAR BAY
-122.19,37.77,42,932,254,900,263,1.8039,92300,NEAR BAY
-119.78,36.78,37,2185,455,1143,438,1.9784,70700,INLAND
-119.56,36.51,9,3860,809,2157,770,2.5033,70100,INLAND
-122.16,37.7,36,1719,303,836,311,4.4375,193500,NEAR BAY
-119.73,36.74,14,6202,1551,5561,1435,1.6073,64700,INLAND
-121.49,39.52,25,848,153,436,155,3.9028,93800,INLAND
-122.02,37.6,32,1295,280,1156,300,3.5,154300,NEAR BAY
-122.24,37.77,52,1711,386,885,373,3.6417,206300,NEAR BAY
-119.61,36.59,10,2842,620,1443,576,2.2727,92700,INLAND
-120.55,36.97,42,1766,344,1084,323,2.3295,74400,INLAND
-119.84,36.77,6,1853,473,1397,417,1.4817,72000,INLAND
-122.08,37.96,21,9135,1534,3748,1502,6.0859,266000,NEAR BAY
-122.28,37.89,52,2070,329,722,306,5.4171,292000,NEAR BAY
-122.29,37.9,52,1604,263,594,286,5.338,270900,NEAR BAY
-119.81,36.73,51,956,196,662,180,2.101,56700,INLAND
-122.33,37.89,42,1342,291,551,266,4.5268,207400,NEAR BAY
-122.01,39.21,52,1989,392,985,396,2.5556,75800,INLAND
-119.69,36.46,29,1702,301,914,280,2.8125,79200,INLAND
-119.73,36.73,9,1621,428,678,394,2.2437,54200,INLAND
-122.36,38.03,32,2159,393,981,369,4.3173,175400,NEAR BAY
-122.24,37.85,52,1467,190,496,177,7.2574,352100,NEAR BAY
-122.11,37.83,19,5130,741,1887,712,7.203,369900,NEAR BAY
-119.73,36.72,26,2645,1005,1660,991,0.6991,89500,INLAND
-121.95,37.55,21,10687,1540,4552,1520,6.6478,333400,<1H OCEAN
-121.98,37.95,16,2984,406,1317,397,6.7821,265900,INLAND
-119.73,36.72,15,2246,456,1190,403,2.0294,70400,INLAND
-121.92,37.49,10,7441,1588,3571,1466,5.1643,193100,<1H OCEAN
-121.77,37.99,4,5623,780,2429,716,5.4409,205100,INLAND
-121.82,38.02,46,176,43,101,40,2.2361,93800,INLAND
-122.26,37.83,50,1125,322,616,304,2.026,142500,NEAR BAY
-120.71,38.34,16,1257,231,559,213,4.4531,144300,INLAND
-122.31,37.92,30,1014,236,537,204,2.8456,183300,NEAR BAY
-122.28,37.85,44,1025,198,506,204,1.73,147900,NEAR BAY
-119.84,36.79,21,3235,648,1820,614,3.3447,71400,INLAND
-121.98,37.58,20,4126,1031,2079,975,3.6832,216900,<1H OCEAN
-122.26,37.9,37,2220,335,903,362,7.8336,371300,NEAR BAY
-122.07,37.96,34,1692,290,836,289,5.0172,197100,NEAR BAY
-122.2,37.77,43,2430,502,1537,484,2.898,121400,NEAR BAY
-122.3,37.9,30,1772,471,880,437,2.2672,162500,NEAR BAY
-122.3,37.87,52,3123,749,1695,684,2.2208,144800,NEAR BAY
-119.98,38.96,25,2443,444,868,342,3.5417,114800,INLAND
-122.24,37.76,49,2428,525,1110,492,3.6719,229800,NEAR BAY
-122.08,37.63,37,1793,364,1534,346,3.6458,156600,NEAR BAY
-121.76,37.67,6,3023,518,1225,468,6.3705,350000,INLAND
-122.09,37.71,31,1843,282,749,269,5.2855,253500,NEAR BAY
-119.82,36.74,52,610,128,406,122,1.8967,43800,INLAND
-121.97,37.56,13,8918,1823,4518,1772,4.8052,254000,<1H OCEAN
-122.33,37.92,26,3887,779,2512,740,2.2301,122400,NEAR BAY
-122.11,37.65,18,4335,808,2041,734,3.4861,331600,NEAR BAY
-122.06,37.85,17,7475,1556,2092,1449,3.6437,186500,NEAR BAY
-122.08,37.68,15,3051,685,1479,668,3.5295,242200,NEAR BAY
-120.0,38.92,26,529,116,191,83,3.5,103600,INLAND
-121.52,39.5,33,1462,241,569,231,3.2833,82600,INLAND
-122.14,37.9,32,5738,746,2099,732,10.3224,500001,NEAR BAY
-119.73,36.8,15,2376,538,1197,510,3.1417,74600,INLAND
-122.07,38.0,37,978,202,462,184,3.625,156300,NEAR BAY
-122.2,37.75,36,606,132,531,133,1.5809,70000,NEAR BAY
-122.16,37.75,35,667,140,406,133,3.8047,94300,NEAR BAY
-122.23,37.79,30,999,264,1011,263,1.8854,137500,NEAR BAY
-121.61,39.77,25,1612,313,837,303,2.963,89500,INLAND
-121.5,39.83,15,1896,408,893,334,1.6948,87500,INLAND
-122.04,37.9,20,5467,1044,2310,963,5.6986,275800,NEAR BAY
-122.19,37.76,26,1293,297,984,303,1.9479,85800,NEAR BAY
-121.93,37.78,2,227,35,114,49,3.1591,434700,<1H OCEAN
-120.37,36.16,36,613,124,310,124,3.0658,65000,INLAND
-122.18,37.78,43,1985,440,1085,407,3.4205,136700,NEAR BAY
-119.76,36.72,24,1240,265,1035,232,2.875,60600,INLAND
-119.97,36.57,17,1497,308,1425,247,2.0313,69400,INLAND
-121.89,37.68,12,7490,1207,3329,1136,6.3373,339700,<1H OCEAN
-122.01,37.97,34,3259,498,1250,478,5.3794,206200,NEAR BAY
-122.01,37.98,29,2001,373,956,370,4.317,194000,NEAR BAY
-121.84,39.68,38,549,105,275,94,3.5375,153100,INLAND
-122.11,37.7,23,1689,461,828,443,2.1552,161400,NEAR BAY
-120.0,38.9,21,1653,419,737,308,1.9727,114100,INLAND
-122.0,37.54,26,1910,371,852,357,5.8325,298900,<1H OCEAN
-122.35,37.93,41,268,75,198,82,3.2222,156300,NEAR BAY
-122.33,37.98,32,1967,348,1144,364,4.4135,150100,NEAR BAY
-122.2,37.96,9,6306,962,2581,911,6.7741,310700,NEAR BAY
-119.77,36.74,51,1454,235,729,252,3.3125,70100,INLAND
-122.06,37.65,33,1227,286,848,291,3.8036,158200,NEAR BAY
-119.69,36.83,7,2075,353,1040,362,3.9943,100200,INLAND
-122.17,37.74,34,1223,281,824,280,2.2917,92500,NEAR BAY
-122.02,37.56,23,4332,857,2461,829,4.3594,223400,NEAR BAY
-122.29,37.88,52,1650,395,841,380,3.556,179300,NEAR BAY
-122.29,37.81,50,760,190,377,122,0.9011,86100,NEAR BAY
-119.76,36.71,29,1745,441,1530,391,1.5611,44400,INLAND
-122.2,37.76,37,2680,736,1925,667,1.4097,84600,NEAR BAY
-121.93,37.73,23,2564,347,1043,351,6.2048,275000,<1H OCEAN
-122.11,37.66,36,1755,316,913,299,4.1302,172700,NEAR BAY
-120.76,38.47,17,1521,309,607,240,3.5,123800,INLAND
-121.95,37.74,19,1127,170,518,167,6.3325,250000,<1H OCEAN
-121.96,38.02,35,2691,542,1409,505,3.016,95300,INLAND
-122.07,37.99,28,3310,574,1811,597,4.5401,166900,NEAR BAY
-122.0,37.96,32,3364,666,1980,678,3.7,179000,INLAND
-119.91,36.83,29,2205,366,1072,345,3.8056,165400,INLAND
-122.31,37.91,39,2955,696,1417,682,2.7628,167800,NEAR BAY
-122.1,37.66,35,686,142,480,149,3.875,162100,NEAR BAY
-120.88,38.45,25,1374,297,657,288,2.5476,97900,INLAND
-122.14,37.74,52,1071,201,440,192,4.0662,204200,NEAR BAY
-122.14,37.7,36,1266,228,606,239,3.9702,194100,NEAR BAY
-122.08,37.71,38,1663,295,781,301,5.0519,227000,NEAR BAY
-119.86,36.82,12,1488,253,675,223,4.7622,89300,INLAND
-120.35,36.16,18,1519,296,846,272,2.7792,85300,INLAND
-122.08,37.92,28,2377,469,1068,435,4.4561,250000,NEAR BAY
-122.25,37.77,52,1527,320,825,264,3.4531,208800,NEAR BAY
-119.34,36.62,26,1922,339,1148,332,2.6058,92200,INLAND
-121.89,37.49,9,4909,577,1981,591,9.7194,500001,<1H OCEAN
-119.74,36.71,17,5872,1250,5034,1224,2.1905,61800,INLAND
-120.98,38.66,9,2073,404,916,373,3.225,163300,INLAND
-122.36,37.94,27,844,249,583,265,0.9687,105800,NEAR BAY
-122.27,37.86,52,1088,305,486,267,2.6071,250000,NEAR BAY
-121.81,38.0,37,2724,579,1400,540,2.905,97300,INLAND
-119.9,36.58,20,1935,363,1319,359,2.4814,74600,INLAND
-122.28,37.83,52,3108,813,1623,765,2.6997,126900,NEAR BAY
-119.97,36.44,18,1128,237,772,220,2.1771,39200,INLAND
-121.83,38.0,25,1710,288,799,259,4.8359,145300,INLAND
-119.9,36.79,22,1970,332,1066,319,3.3125,106100,INLAND
-122.29,37.91,38,2591,424,905,378,5.1691,263200,NEAR BAY
-122.29,37.89,52,2178,421,940,423,5.0551,232200,NEAR BAY
-119.55,36.72,6,1186,234,1135,218,2.1515,63900,INLAND
-122.18,39.75,30,4157,834,1885,774,1.6948,67500,INLAND
-122.28,37.9,49,3191,516,1148,507,6.3538,333700,NEAR BAY
-120.55,38.45,17,2277,474,767,356,2.5208,99100,INLAND
-122.06,37.89,21,4985,1590,2575,1458,3.1002,114300,NEAR BAY
-119.62,36.58,13,1788,405,1652,411,2.6858,62400,INLAND
-124.3,41.84,17,2677,531,1244,456,3.0313,103600,NEAR OCEAN
-119.78,36.8,34,2200,493,1243,431,1.8514,66500,INLAND
-122.27,37.81,40,880,451,582,380,0.977,118800,NEAR BAY
-121.58,39.76,18,1676,332,733,318,1.7875,103800,INLAND
-119.56,36.53,19,2746,495,1670,518,3.2019,95700,INLAND
-122.11,37.7,19,2693,789,1765,724,2.4206,137500,NEAR BAY
-121.79,37.66,22,14701,2210,6693,2232,5.98,245000,INLAND
-119.69,36.79,13,1736,313,993,314,3.7697,83600,INLAND
-122.27,37.82,21,896,453,735,438,0.9218,171900,NEAR BAY
-119.89,36.73,43,524,93,302,93,2.6146,81300,INLAND
-119.79,36.74,52,173,87,401,84,2.1094,75000,INLAND
-119.71,36.81,19,2282,550,1034,500,1.6618,69700,INLAND
-121.94,37.8,8,11336,1657,4089,1555,7.8287,369200,<1H OCEAN
-119.56,36.7,40,1195,326,1135,315,2.1182,58900,INLAND
-121.9,38.01,34,3779,766,2356,722,3.5129,110600,INLAND
-121.99,37.54,26,2332,371,1285,404,5.388,225000,<1H OCEAN
-120.98,38.68,5,4810,909,2242,900,3.2964,176900,INLAND
-122.1,37.63,18,9963,2031,5613,1946,3.8171,187200,NEAR BAY
-122.2,37.77,49,2272,498,1621,483,2.4338,102400,NEAR BAY
-119.74,36.73,42,1236,272,946,261,2.0536,50000,INLAND
-122.25,37.8,43,2344,647,1710,644,1.6504,151800,NEAR BAY
-121.85,39.74,39,1139,265,623,264,2.2833,85800,INLAND
-121.85,39.74,41,2901,689,1426,632,1.5633,84500,INLAND
-122.08,37.59,16,1816,365,1367,355,4.235,156300,NEAR BAY
-119.79,36.78,38,1912,456,1131,408,2.03,58800,INLAND
-122.28,37.9,52,2003,250,658,244,10.0825,397000,NEAR BAY
-122.18,37.9,36,4760,610,1511,572,9.0064,500001,NEAR BAY
-120.02,38.76,15,3142,618,725,285,4.3333,121400,INLAND
-120.02,38.86,19,2429,459,883,300,3.017,97600,INLAND
-122.08,37.94,44,2185,357,943,366,4.725,232100,NEAR BAY
-121.67,39.37,27,2599,502,1241,502,1.9943,86300,INLAND
-122.08,37.65,17,5018,1439,3069,1299,2.7694,161900,NEAR BAY
-122.33,37.98,3,2850,544,1024,515,6.0115,175000,NEAR BAY
-120.37,36.15,34,2084,339,868,347,4.381,86300,INLAND
-119.74,36.73,34,1254,272,1056,279,2.3269,50800,INLAND
-122.2,37.82,39,3770,534,1265,500,6.3302,362800,NEAR BAY
-119.77,36.91,3,7520,1143,2878,1077,5.3272,174200,INLAND
-122.08,37.93,35,4043,689,1832,662,5.0761,233200,NEAR BAY
-122.29,37.78,42,1241,309,821,300,1.9427,102200,NEAR BAY
-122.11,37.89,32,2372,516,1067,492,4.3235,279500,NEAR BAY
-119.74,36.76,36,912,216,842,219,1.4766,52800,INLAND
-120.88,38.32,18,2791,492,1187,438,3.2589,103000,INLAND
-122.06,37.99,16,2445,469,721,474,2.8043,87500,NEAR BAY
-121.88,38.0,16,2605,440,1352,408,4.1947,140300,INLAND
-119.74,36.74,39,4893,1210,4749,1067,1.2065,55600,INLAND
-119.77,36.76,43,1623,294,781,272,1.869,56000,INLAND
-119.75,36.77,32,1962,399,1005,392,2.6726,70400,INLAND
-122.27,37.86,52,834,186,494,175,3.15,206300,NEAR BAY
-119.71,36.8,17,2056,366,1259,367,3.9338,84700,INLAND
-119.82,36.77,41,1441,274,646,296,3.0568,71300,INLAND
-121.78,37.67,28,1773,278,804,269,4.8571,201100,INLAND
-122.13,37.71,44,1421,298,609,270,3.5781,180000,NEAR BAY
-120.55,38.46,16,1443,249,435,181,3.2031,129200,INLAND
-122.07,37.69,29,2304,618,1021,552,2.5362,203800,NEAR BAY
-122.28,37.86,52,1999,417,780,358,3.3906,179300,NEAR BAY
-122.2,37.79,35,1802,459,1009,390,2.3036,126000,NEAR BAY
-120.16,39.04,18,2040,402,350,129,4.0313,126000,INLAND
-121.99,37.83,16,2939,380,1177,396,8.0839,372000,<1H OCEAN
-122.06,37.9,25,5869,1685,2669,1554,2.6998,216100,NEAR BAY
-122.25,37.74,25,1914,365,897,390,4.4562,206200,NEAR BAY
-119.46,36.6,18,1404,226,754,229,3.9844,118100,INLAND
-122.04,37.99,36,2765,495,1478,441,4.125,136200,NEAR BAY
-119.73,36.59,31,1551,296,1058,287,3.3438,92600,INLAND
-122.21,38.06,52,2735,559,1076,487,3.6154,155700,NEAR BAY
-121.88,37.66,29,2702,680,1360,642,3.1127,233000,INLAND
-122.01,37.53,27,1890,303,889,314,5.7057,287600,NEAR BAY
-122.05,37.92,14,12713,2558,4741,2412,4.7094,234700,NEAR BAY
-120.78,38.73,31,3117,616,1606,588,2.9844,127900,INLAND
-121.97,37.54,31,1949,344,986,322,4.6349,196200,<1H OCEAN
-122.18,37.76,50,1187,261,907,246,1.9479,89500,NEAR BAY
-122.27,37.77,23,5679,1270,2690,1151,4.7695,291700,NEAR BAY
-119.63,36.7,42,1338,215,617,222,3.0833,133300,INLAND
-122.31,37.92,12,1895,600,983,519,2.5,195800,NEAR BAY
-119.59,36.72,18,1284,193,621,190,4.5375,130600,INLAND
-121.82,37.98,13,3995,605,1969,607,5.0164,165200,INLAND
-119.76,36.74,52,2137,448,1194,444,1.3029,69100,INLAND
-120.67,37.97,9,7450,1475,2233,930,2.6528,133000,INLAND
-122.36,37.94,41,2591,585,1638,462,1.822,79700,NEAR BAY
-122.3,37.9,41,2053,435,873,415,3.4091,223000,NEAR BAY
-122.0,37.51,7,6352,1390,3223,1316,4.9867,181700,<1H OCEAN
-120.04,36.74,14,3182,730,2298,721,1.6168,71800,INLAND
-119.78,36.76,47,1425,323,949,325,1.7344,51300,INLAND
-122.12,37.85,18,5252,686,1870,657,8.0074,454100,NEAR BAY
-119.67,36.57,32,1604,292,868,276,2.1908,110000,INLAND
-119.89,36.7,32,1485,269,867,271,2.5809,78300,INLAND
-122.29,37.9,52,2657,500,1131,489,4.4286,234900,NEAR BAY
-122.15,37.71,36,998,178,531,183,4.0208,191500,NEAR BAY
-119.72,36.81,28,1651,305,780,309,2.9453,72200,INLAND
-119.6,36.58,28,1452,300,919,308,2.8287,73100,INLAND
-119.77,36.86,7,4139,544,1843,562,8.2737,193500,INLAND
-122.27,37.81,52,210,56,183,56,1.1667,112500,NEAR BAY
-122.12,37.7,19,2495,635,1571,579,2.5833,159900,NEAR BAY
-122.26,38.0,6,678,104,318,91,5.2375,246400,NEAR BAY
-122.03,37.91,29,5438,871,2310,890,5.0362,275300,NEAR BAY
-121.94,37.73,22,6719,1068,2843,994,6.1265,260300,<1H OCEAN
-122.21,37.84,44,3424,597,1358,597,6.0194,292300,NEAR BAY
-122.17,37.76,40,1685,343,949,342,1.8426,94800,NEAR BAY
-121.97,37.97,24,1330,183,656,205,5.0092,244100,INLAND
-121.86,38.0,4,4075,927,2239,849,3.5857,165200,INLAND
-122.26,37.78,52,970,217,528,208,3.3438,201300,NEAR BAY
-122.33,37.94,45,1226,279,590,260,2.8833,140400,NEAR BAY
-119.81,36.85,17,2340,370,1174,396,4.2304,94400,INLAND
-121.94,37.93,16,3421,427,1341,428,7.5695,320400,INLAND
-122.26,37.86,52,3497,832,1493,794,2.9044,257400,NEAR BAY
-121.39,39.61,22,2828,610,986,391,2.8871,94700,INLAND
-122.29,37.84,35,1872,419,1017,414,2.2106,132500,NEAR BAY
-119.88,36.85,8,2580,372,1111,393,7.5,256200,INLAND
-121.78,37.67,26,2211,344,1024,321,5.2649,199800,INLAND
-119.82,36.72,25,2581,528,1642,509,1.6435,52600,INLAND
-122.09,37.67,39,2069,500,1408,478,3.1115,153500,NEAR BAY
-121.82,38.0,30,3268,567,1714,565,4.4583,131000,INLAND
-119.85,36.77,9,1142,314,620,283,2.0446,81300,INLAND
-121.99,37.97,22,2823,509,1271,474,5.1333,207200,INLAND
-124.19,41.78,15,3140,714,1645,640,1.6654,74600,NEAR OCEAN
-122.29,37.86,52,1665,404,815,372,1.9946,156900,NEAR BAY
-122.09,37.69,43,500,110,273,120,3.3125,150000,NEAR BAY
-119.78,36.82,22,4241,1147,1929,971,1.7708,53500,INLAND
-122.1,37.97,18,4326,655,1753,646,5.6931,269600,NEAR BAY
-119.78,36.71,35,1987,394,1233,383,1.3587,45300,INLAND
-122.23,37.78,43,1420,472,1506,438,1.9338,112500,NEAR BAY
-122.07,37.67,28,2932,739,1198,624,3.2417,210800,NEAR BAY
-119.75,36.73,39,2290,539,1685,536,1.6325,52100,INLAND
-121.8,38.0,34,2738,475,1316,459,3.5368,122500,INLAND
-122.2,37.79,45,2021,528,1410,480,2.7788,115400,NEAR BAY
-122.0,37.98,36,404,77,237,88,4.525,161300,INLAND
-122.08,37.64,36,1116,199,662,226,5.7309,177900,NEAR BAY
-122.29,37.92,32,1736,234,602,231,6.516,401000,NEAR BAY
-122.28,37.81,17,924,289,609,289,1.5,162500,NEAR BAY
-122.26,37.87,52,2773,998,1721,949,1.1859,241700,NEAR BAY
-119.85,36.83,15,2563,335,1080,356,6.7181,160300,INLAND
-119.21,37.25,44,3042,697,335,115,4.1838,85600,INLAND
-121.9,38.01,16,2604,454,1696,481,4.6628,136000,INLAND
-122.02,37.6,32,1295,295,1097,328,3.2386,149600,NEAR BAY
-122.21,37.79,52,762,190,600,195,3.0893,125000,NEAR BAY
-122.08,37.9,29,4133,770,1691,744,5.1097,288000,NEAR BAY
-122.12,37.67,33,3429,681,1798,694,3.9395,184700,NEAR BAY
-119.8,36.72,43,1286,360,972,345,0.9513,50400,INLAND
-119.88,36.81,30,2288,474,1435,425,1.3221,61200,INLAND
-122.04,37.97,21,6445,1839,3621,1735,2.5841,112500,NEAR BAY
-122.17,37.72,5,1692,398,814,328,3.663,158300,NEAR BAY
-122.28,37.8,52,215,87,904,88,0.8668,137500,NEAR BAY
-122.32,37.94,47,1911,283,697,275,6.2712,267700,NEAR BAY
-119.78,36.83,11,2754,663,1328,604,2.3667,69300,INLAND
-122.29,37.94,20,7578,1426,3637,1362,4.4387,190000,NEAR BAY
-119.32,36.62,15,1070,256,1070,243,1.5642,51500,INLAND
-122.26,37.8,20,2373,779,1659,676,1.6929,115000,NEAR BAY
-122.29,37.81,49,844,204,560,152,1.75,75000,NEAR BAY
-121.57,39.48,15,202,54,145,40,0.8252,42500,INLAND
-119.79,36.76,52,1185,260,635,239,1.175,56100,INLAND
-122.25,37.77,43,4329,1110,2086,1053,2.975,243400,NEAR BAY
-121.75,39.4,29,1687,327,864,334,2.4943,81900,INLAND
-120.06,39.01,19,2967,528,112,48,4.0714,437500,INLAND
-120.79,38.54,34,1133,254,495,187,2.05,68900,INLAND
-121.94,37.54,27,3715,526,1631,538,6.2179,305300,<1H OCEAN
-122.15,37.7,36,1464,244,672,261,3.5547,194700,NEAR BAY
-122.04,37.5,17,407,97,307,100,3.1696,156300,NEAR BAY
-122.37,37.94,40,1064,266,912,239,1.0521,69100,NEAR BAY
-121.67,37.99,22,1046,195,527,164,4.375,213500,INLAND
-121.97,37.97,27,1691,289,807,296,6.1168,210500,INLAND
-122.04,37.53,25,4458,922,2998,890,3.9667,218500,NEAR BAY
-121.87,38.0,17,2713,442,1475,415,4.8542,144100,INLAND
-119.81,36.76,52,1792,352,1049,357,2.4375,57100,INLAND
-121.82,39.73,33,2242,517,1160,449,1.7426,60300,INLAND
-119.71,36.77,11,5112,1384,2487,1243,2.1461,75900,INLAND
-122.12,37.64,40,432,102,264,77,3.8875,228100,NEAR BAY
-119.77,36.81,25,1565,271,661,275,3.4279,84700,INLAND
-122.14,37.77,27,2229,365,1297,355,4.8304,279100,NEAR BAY
-122.23,37.84,47,3175,454,1098,485,5.2868,347600,NEAR BAY
-119.83,36.83,14,2351,341,1128,363,6.9903,141200,INLAND
-122.12,38.01,42,2225,367,864,381,4.1189,172400,NEAR BAY
-121.79,38.0,36,1141,234,562,213,2.5893,108500,INLAND
-122.05,37.54,25,4209,731,2568,703,5.2882,223100,NEAR BAY
-122.11,37.66,35,2843,652,1726,643,3.09,174100,NEAR BAY
-122.26,37.85,52,3618,768,1508,755,3.2619,309600,NEAR BAY
-122.28,37.81,52,340,97,200,87,1.5208,112500,NEAR BAY
-120.08,38.8,34,1988,511,36,15,4.625,162500,INLAND
-119.71,36.73,19,3972,585,1586,560,5.2608,151400,INLAND
-122.23,37.79,52,1783,395,1659,412,2.9357,107900,NEAR BAY
-120.97,38.42,16,1748,322,4930,287,4.3029,121900,INLAND
-121.96,37.94,26,3084,505,1557,501,5.1582,194700,INLAND
-122.06,37.94,19,4005,972,1896,893,2.5268,235700,NEAR BAY
-120.55,38.12,10,1566,325,785,291,2.5,116100,INLAND
-120.51,36.55,20,1193,263,1274,241,1.9417,38800,INLAND
-122.13,37.69,34,1131,278,560,237,2.875,161700,NEAR BAY
-121.88,37.67,16,4070,624,1543,577,6.5214,311500,INLAND
-119.44,36.61,17,1531,280,775,246,3.9073,91600,INLAND
-121.62,39.76,14,2063,559,934,529,1.7788,85800,INLAND
-122.03,37.99,35,3103,537,1614,566,4.9022,169300,NEAR BAY
-121.58,39.52,25,2409,490,1384,479,1.9956,58000,INLAND
-122.15,37.71,18,5778,1526,2441,1352,3.1682,202700,NEAR BAY
-122.25,37.86,52,1587,444,878,449,1.7652,336800,NEAR BAY
-122.09,37.98,14,5381,871,2296,872,5.6875,211000,NEAR BAY
-121.75,37.69,26,2647,536,1422,522,3.7212,183800,INLAND
-121.93,37.93,16,2876,391,1089,377,6.299,286900,INLAND
-119.83,36.75,33,662,183,607,181,1.3929,55600,INLAND
-119.87,36.78,4,6102,1114,3406,1115,3.4213,84500,INLAND
-122.32,37.93,40,3056,489,1103,481,5.1067,247300,NEAR BAY
-121.91,37.69,23,2179,308,926,299,5.9345,259600,<1H OCEAN
-122.06,37.88,34,4781,703,1879,714,6.5378,340900,NEAR BAY
-122.04,37.66,10,2031,357,867,352,5.3169,299200,NEAR BAY
-122.07,37.94,30,1260,276,707,221,2.892,220800,NEAR BAY
-122.08,37.87,24,6130,1359,1750,1286,2.9167,102700,NEAR BAY
-121.85,39.72,18,7272,1559,5022,1524,1.6911,98800,INLAND
-122.2,37.78,39,1752,399,1071,376,3.1167,121600,NEAR BAY
-120.65,38.42,23,1538,305,730,267,2.6078,116700,INLAND
-122.25,37.87,52,1204,460,2016,477,0.949,350000,NEAR BAY
-122.29,37.86,50,2485,607,1354,563,1.9483,150500,NEAR BAY
-122.26,37.81,34,5871,1914,2689,1789,2.8406,335700,NEAR BAY
-122.28,37.88,52,1844,332,769,334,4.2614,261300,NEAR BAY
-121.9,38.0,14,1930,363,990,322,4.1094,162200,INLAND
-120.45,36.85,20,1519,376,1681,370,2.1759,58100,INLAND
-121.85,38.0,24,2269,584,1239,542,2.0411,100000,INLAND
-121.81,37.97,8,1584,236,615,202,6.4753,166800,INLAND
-119.82,36.84,7,2289,342,1077,354,5.4868,158800,INLAND
-119.73,36.76,30,1548,282,886,311,3.1,71300,INLAND
-122.12,37.75,33,1809,261,808,219,6.86,250000,NEAR BAY
-122.18,37.75,45,330,76,282,80,4.0469,80700,NEAR BAY
-119.69,36.79,15,2524,451,1207,424,2.7404,76300,INLAND
-122.23,37.85,52,2800,411,1061,403,6.3434,373600,NEAR BAY
-122.21,37.84,34,3038,490,1140,496,7.0548,325900,NEAR BAY
-121.99,37.82,22,1248,271,579,269,3.375,200000,<1H OCEAN
-120.79,38.7,13,5036,1034,2243,923,2.3319,138500,INLAND
-122.29,37.88,46,1895,442,920,425,2.9926,192100,NEAR BAY
-119.7,36.83,23,3532,756,1885,758,2.5904,71400,INLAND
-121.94,37.76,4,6875,1439,2889,1307,4.6932,356100,<1H OCEAN
-122.18,37.72,45,1498,313,1003,305,3.8047,156700,NEAR BAY
-122.3,37.89,46,1520,402,815,375,2.8036,211600,NEAR BAY
-120.65,38.28,21,3095,681,1341,546,2.1382,104000,INLAND
-121.9,38.04,36,1489,331,838,259,1.2024,90200,INLAND
-119.98,38.94,23,1564,298,339,147,4.0417,99300,INLAND
-122.32,37.92,28,4649,977,2606,953,3.2674,129100,NEAR BAY
-122.02,37.92,26,5077,640,1872,636,7.4713,351200,NEAR BAY
-122.19,37.75,19,2207,565,1481,520,1.3194,81400,NEAR BAY
-122.28,37.9,52,1369,249,490,248,4.1212,287500,NEAR BAY
-122.14,37.86,20,6201,1182,2415,1141,4.5744,314000,NEAR BAY
-119.84,36.81,18,2789,378,937,364,7.7062,188300,INLAND
-122.12,37.68,40,1553,253,724,267,4.38,196400,NEAR BAY
-119.8,36.72,15,1908,417,1383,375,1.0472,57800,INLAND
-119.67,36.72,31,843,140,453,149,2.6875,153800,INLAND
-122.24,37.84,52,3529,574,1177,555,5.1773,389500,NEAR BAY
-120.77,38.38,15,4221,816,1737,743,2.3125,128600,INLAND
-122.28,38.0,26,2335,413,980,417,3.4471,178900,NEAR BAY
-119.78,36.65,27,1226,240,706,211,2.77,68400,INLAND
-121.81,39.71,18,1222,250,708,281,2.0288,116700,INLAND
-122.29,37.92,35,583,88,235,84,5.943,288200,NEAR BAY
-122.31,37.93,36,2403,408,917,404,5.0399,253400,NEAR BAY
-122.24,37.76,52,2504,516,979,472,3.4762,244000,NEAR BAY
-122.12,37.68,45,2179,401,1159,399,3.4839,180600,NEAR BAY
-122.36,37.94,43,369,107,371,111,1.6,79400,NEAR BAY
-122.0,37.82,20,2206,458,926,432,4.6042,256400,<1H OCEAN
-122.11,37.69,37,2444,651,1562,618,2.6464,155200,NEAR BAY
-122.06,37.91,15,5393,1422,2133,1288,4.1612,232800,NEAR BAY
-122.23,37.79,48,1696,396,1481,343,2.0375,122500,NEAR BAY
-121.8,38.01,46,2273,495,1088,447,2.2532,109400,INLAND
-121.58,39.79,19,2636,523,1184,465,2.7863,108600,INLAND
-121.56,39.69,8,2836,522,1163,512,3.13,168300,INLAND
-122.31,37.92,38,1250,236,631,279,3.724,220100,NEAR BAY
-121.46,39.54,14,5549,1000,1822,919,2.9562,142300,INLAND
-119.77,36.81,28,1713,302,663,282,3.567,85500,INLAND
-119.55,36.51,46,1889,390,971,403,2.2132,76600,INLAND
-118.94,37.13,12,2255,472,1006,334,4.1563,94000,INLAND
-122.07,37.89,38,757,124,319,123,5.6558,263300,NEAR BAY
-122.19,37.77,41,2036,510,1412,454,2.0469,89300,NEAR BAY
-119.7,36.81,32,2623,528,1570,492,2.7159,68000,INLAND
-122.35,37.94,34,1880,459,1358,422,1.6571,105200,NEAR BAY
-122.24,37.72,5,18634,2885,7427,2718,7.611,350700,NEAR BAY
-119.93,38.72,15,2061,465,573,196,2.2417,97900,INLAND
-122.05,37.9,24,4125,1020,1699,873,2.9526,271000,NEAR BAY
-121.98,37.8,17,3354,422,1457,425,7.6473,345800,<1H OCEAN
-121.56,39.52,9,818,197,358,197,1.7708,79500,INLAND
-122.23,37.75,50,1542,289,654,268,3.9632,240000,NEAR BAY
-122.27,37.88,37,2619,682,1152,616,2.52,277800,NEAR BAY
-119.6,36.66,27,1388,296,1056,284,1.6094,55200,INLAND
-122.14,38.03,42,118,34,54,30,2.5795,225000,NEAR BAY
-122.14,37.67,36,1487,249,641,243,4.0682,196200,NEAR BAY
-122.07,37.63,24,2329,465,1401,453,4.5913,177600,NEAR BAY
-122.27,37.87,49,1350,368,707,350,2.8846,211300,NEAR BAY
-122.17,37.73,46,2163,470,925,435,3.25,177500,NEAR BAY
-122.16,37.75,44,617,131,378,135,2.5568,111100,NEAR BAY
-122.18,37.81,37,1643,262,620,266,5.4446,336700,NEAR BAY
-119.78,36.75,43,2070,512,1925,444,1.4635,46600,INLAND
-120.02,38.92,24,1194,246,414,151,3.2396,101900,INLAND
-122.13,39.0,23,3832,774,2435,747,2.2754,59200,INLAND
-119.63,36.79,19,1317,189,517,187,4.526,148700,INLAND
-122.18,37.79,46,2109,387,922,329,3.9712,208100,NEAR BAY
-122.11,38.01,41,1345,272,718,283,3.3831,129400,NEAR BAY
-122.23,37.76,52,1705,246,658,253,5.75,306300,NEAR BAY
-121.64,37.85,22,1999,415,967,320,4.4583,253900,INLAND
-121.52,39.48,21,2628,494,1364,468,2.0455,59400,INLAND
-122.27,37.78,13,2020,535,959,486,5.2601,292700,NEAR BAY
-121.57,39.78,18,2221,459,952,440,2.0458,105700,INLAND
-119.72,36.8,15,3045,689,1340,588,3.1953,85700,INLAND
-122.06,37.99,17,1319,316,384,269,1.8229,137500,NEAR BAY
-122.24,37.81,52,1490,238,634,256,6.0302,287300,NEAR BAY
-122.36,37.92,52,215,41,126,43,1.3929,104200,NEAR BAY
-120.66,38.4,18,2144,420,985,381,3.175,118500,INLAND
-119.71,36.8,25,875,156,646,166,3.0,72800,INLAND
-122.11,37.67,36,2110,389,952,370,3.8,187500,NEAR BAY
-119.77,36.78,40,1411,284,609,296,1.9375,67700,INLAND
-119.76,36.75,35,1607,383,1407,382,2.19,53400,INLAND
-119.74,36.83,14,4675,829,2235,787,4.1098,108200,INLAND
-121.95,37.94,27,1469,216,578,219,5.9346,253600,INLAND
-119.78,36.79,33,2260,440,966,413,2.9301,68300,INLAND
-122.0,37.54,29,4133,744,2023,749,5.1616,275100,<1H OCEAN
-119.8,36.76,52,2224,418,832,406,2.3952,78400,INLAND
-122.27,37.83,49,1215,282,570,264,1.4861,97200,NEAR BAY
-122.16,38.02,40,1800,290,761,277,5.1265,196100,NEAR BAY
-122.02,37.97,36,2342,436,1191,416,4.0,171000,NEAR BAY
-119.8,36.77,52,2964,512,1114,486,3.8105,87600,INLAND
-121.94,37.75,16,5121,735,2464,761,6.6204,296100,<1H OCEAN
-122.1,37.61,35,2361,458,1727,467,4.5281,173600,NEAR BAY
-120.44,36.84,29,1563,293,883,288,2.8182,90500,INLAND
-122.35,37.95,31,2449,595,1801,548,2.6328,110300,NEAR BAY
-122.26,37.9,52,1927,279,705,288,7.8864,357300,NEAR BAY
-121.84,37.99,15,2380,385,1292,388,4.6029,142600,INLAND
-122.18,37.77,52,1748,362,1029,366,2.0556,100000,NEAR BAY
-122.27,37.9,52,2041,270,671,253,6.9414,417500,NEAR BAY
-119.77,36.75,39,1287,332,1386,306,1.5227,46900,INLAND
-119.8,36.83,17,1560,261,709,258,4.3315,95800,INLAND
-122.24,37.81,52,2485,313,953,327,6.8591,352400,NEAR BAY
-122.36,37.96,31,1157,276,956,232,1.5347,80400,NEAR BAY
-119.54,36.52,16,2703,415,1106,372,4.2045,120900,INLAND
-122.24,38.01,11,3751,565,1949,555,5.7862,269400,NEAR BAY
-121.98,37.97,26,2738,428,1316,430,5.2442,213200,INLAND
-121.85,39.77,17,5273,1177,2446,1199,1.9362,89900,INLAND
-122.25,37.79,50,629,188,742,196,2.6458,125000,NEAR BAY
-122.2,37.8,43,3045,499,1115,455,4.9559,273000,NEAR BAY
-119.78,36.74,15,1461,415,924,356,2.5045,90300,INLAND
-119.45,36.6,42,510,88,247,99,2.5,73000,INLAND
-121.74,39.38,27,2596,435,1100,409,2.3243,85500,INLAND
-122.32,38.06,4,7999,1611,3596,1396,5.0969,174200,NEAR BAY
-122.29,37.76,18,2873,763,1243,663,5.1702,265400,NEAR BAY
-120.59,38.53,15,432,87,208,73,3.6125,100000,INLAND
-121.99,37.92,14,1780,224,764,226,9.0243,427700,INLAND
-119.44,36.59,28,1343,330,1331,305,1.516,56700,INLAND
-120.46,38.15,16,4221,781,1516,697,2.3816,116000,INLAND
-120.95,38.79,12,3247,579,1459,517,4.3981,202800,INLAND
-122.13,37.72,26,2862,394,1030,397,7.912,367300,NEAR BAY
-122.26,37.88,52,2604,837,1798,769,1.725,287500,NEAR BAY
-122.35,37.93,19,1334,366,1048,316,1.7865,88000,NEAR BAY
-119.77,36.84,15,2058,412,891,378,3.2569,124400,INLAND
-121.59,39.75,20,908,206,481,211,2.2,80800,INLAND
-119.31,36.62,33,1485,374,1544,329,1.7292,52000,INLAND
-122.27,37.85,42,1639,367,929,366,1.7135,159800,NEAR BAY
-122.37,37.93,37,709,190,644,174,0.8641,84200,NEAR BAY
-122.24,37.76,52,1846,471,827,446,2.6833,240900,NEAR BAY
-122.39,38.0,33,44,6,23,11,4.125,212500,NEAR BAY
-120.25,38.55,15,4403,891,1103,433,3.0125,111700,INLAND
-122.17,37.72,43,3783,814,2139,789,4.0202,166300,NEAR BAY
-121.06,38.7,9,13255,1739,5001,1627,6.314,228900,INLAND
-119.68,36.62,31,834,229,616,211,1.6602,61200,INLAND
-119.57,36.72,11,2510,460,1248,445,3.6161,99500,INLAND
-122.07,37.94,43,1454,234,683,258,4.475,265700,NEAR BAY
-122.23,37.78,52,472,146,415,126,2.6429,71300,NEAR BAY
-122.3,38.0,34,1712,317,956,341,4.4394,162000,NEAR BAY
-119.77,36.73,45,1081,241,821,230,1.7829,52600,INLAND
-122.21,37.78,44,1729,414,1240,393,2.3125,102800,NEAR BAY
-119.76,36.73,39,1553,363,1449,341,1.4419,45500,INLAND
-121.86,39.74,13,3494,843,1571,784,1.1019,120200,INLAND
-122.1,37.7,25,2973,622,1413,595,4.3819,209200,NEAR BAY
-119.76,36.76,23,3800,1003,3786,917,1.4766,50600,INLAND
-121.95,37.54,29,3517,645,1724,585,4.6641,248900,<1H OCEAN
-122.37,37.93,45,3150,756,1798,749,1.75,37900,NEAR BAY
-122.14,38.02,44,1625,432,825,385,2.0523,133900,NEAR BAY
-119.82,36.78,36,1370,289,812,282,2.6127,69600,INLAND
-122.14,37.68,31,3184,716,1561,628,2.7955,183100,NEAR BAY
